"Lote","ID","Archivo","Estado"
"1","000001","000001.mp3","PASS"
"2","000021","000021.mp3","PASS"
"3","000041","000041.mp3","PASS"
"4","000065","000065.mp3","PASS"
"5","000091","000091.mp3","PASS"
"6","000114","000114.mp3","PASS"
"7","000130","000130.mp3","PASS"
"8","000156","000156.mp3","PASS"
"9","000181","000181.mp3","PASS"
"10","000205","000205.mp3","PASS"
"11","000232","000232.mp3","PASS"
"12","000257","000257.mp3","PASS"
"13","000282","000282.mp3","PASS"
"14","000307","000307.mp3","PASS"
"15","000332","000332.mp3","PASS"
"16","000356","000356.mp3","PASS"
"17","000381","000381.mp3","PASS"
"18","000382","000382.mp3","PASS"
"19","000407","000407.mp3","PASS"
"20","000432","000432.mp3","PASS"
"21","000434","000434.mp3","PASS"
"22","000459","000459.mp3","PASS"
"23","000484","000484.mp3","PASS"
