"ID","Archivo","Bytes","SHA256","Estado"
"000001","000001.mp3","17324","7A63F5F2A1CD8F78D44FE2780D9412E7BC3C884B55D5F0AC4D336CDE4F634088","PASS"
"000002","000002.mp3","30572","54EB0B0ED107CD36D673779A43F757AED14C55CA77FC59FD5200B5BC77BD00E6","PASS"
"000003","000003.mp3","33452","0DAF8EA6D6CB3B94383719FDE2D6161AD1F41D55B0DBDE911CE1774747418073","PASS"
"000004","000004.mp3","34028","BFB0EF9938ABAF7190C52DCE8DC2FEAB2E22128C2099F9294FAE6605536DCDB2","PASS"
"000005","000005.mp3","36908","E04D3DDA601EFDBF636AEDC07FF427569FFCF17975AA9ACE56B4EEAFEB6DDAA9","PASS"
"000006","000006.mp3","28844","80A5E9FF0C39C185918BEAB2AD88E0C42A7532964B29CF957CF7A6CFABC4DB3A","PASS"
"000007","000007.mp3","22508","37379A4888EBECD7D55757F671FA64B8E811813A607373084D066D392F7C7EF4","PASS"
"000008","000008.mp3","53036","4F89F99A784BDF9C6F867D3C00974737E60A79CB24D60D41AE562D9B8EAB08DF","PASS"
"000009","000009.mp3","38636","6259CB23F0DCFB7450621004F47930D460A0C4DF3546FBD72510AE65739093D5","PASS"
"000010","000010.mp3","24236","A85844CAF10C49D388C8AB11CED5F0653F04625E70504B65F1E5DB363FB4E7C2","PASS"
"000011","000011.mp3","28844","A4F884AF6A7FCA8F102F5EEA0B2CF60247C9F9880CEBE33A2E979073E53B549D","PASS"
"000012","000012.mp3","38060","62BC34CEC59F66FCECDC3D7F73938BF0E43BCBDEA9EA640C4B60EEE0FC2D8101","PASS"
"000013","000013.mp3","32876","B4E94299D5335D046833F41878E95FD0212D10B420791F240EF4F4B6C810E561","PASS"
"000014","000014.mp3","42668","DE56FAC277CDDB3470E453ACA752557ADE988870A987EFFDABD4F33626078A31","PASS"
"000015","000015.mp3","39212","CFA8720513BF9034DD15F96CC9188FA3535471DFB3B1D39C0CCF2FD63BE516E1","PASS"
"000016","000016.mp3","24812","ADA55DA8649F5B2CBE49DB3CB50612C80F1FD64979B04EFCE1EA55EDEC25B443","PASS"
"000017","000017.mp3","37484","1EADEE31888239EA9D9EA9E8C09E22F04D7186EB838AC414CA3A7F3AA4ABA7B5","PASS"
"000018","000018.mp3","40364","263A942D452B06D17FA87C2AD86E7E5A7324B53617B3911494056EF70315D254","PASS"
"000019","000019.mp3","26540","C906B3D7B062BD61EC088F15673779D131395E7C715474DF460A85604135D432","PASS"
"000020","000020.mp3","31724","18D6741C83366259A489289F52DADC1473F3A5786460F89D3734310ED679F79A","PASS"
"000021","000021.mp3","34604","784F80B46438CFE941B5EF6E01EFF549CEAB7996A885E28F8C4152CEF9AFF681","PASS"
"000022","000022.mp3","23660","51D1D38BF7DF8465769203155118D4A7E3CD68BC352C190D802CD2A5B9F030B5","PASS"
"000023","000023.mp3","33452","A02F09A8F7E8E2662A1AA3D9D4644C25FD7D138E3880D36A7578544AC4CC78A1","PASS"
"000024","000024.mp3","36908","2FF15935A978709A4243B48A67C7E0C75DF8B433BE40FEEB5163A42414702AAC","PASS"
"000025","000025.mp3","28844","A6254D21761DC56C705B34C501E410825B6D4F94513D283DBB3E3F40A4CCAB3A","PASS"
"000026","000026.mp3","27116","EA1B208902B38FA9846C595994403F06A55C87C9172AB4B8FF0CF5E6ACAA7E59","PASS"
"000027","000027.mp3","31148","22E41A11D3753355467052FAED65CDE2ED693A10379D692FD1AC41BA69CBBD50","PASS"
"000028","000028.mp3","40364","E0280C5F7612EEA93C9FC7159C6CE9B1BB3D2271AC4475D5C39E08B0AA8E34B6","PASS"
"000029","000029.mp3","42668","7FC14C9E28357C7DCACEE4ACAD36E174DD3AF06592442AC6A20E96941A0BEC45","PASS"
"000030","000030.mp3","32876","C554F192FDA51DB7BADDF247DB80D8980A90FCA87240CE10BCBD7690FA2FD7ED","PASS"
"000031","000031.mp3","31148","6F4A80BE81423A1C09A86F743321737062F0B6658D72E9F018FA0ADA6FE5789E","PASS"
"000032","000032.mp3","28268","7B4D52ED62031D498591B50FC3B48E5224ACC20F641B176E580013776AE1F5F3","PASS"
"000033","000033.mp3","27692","D9ABA8C662796E448AA4E16C95378AB70C834DF58D28DC701092875D6924B831","PASS"
"000034","000034.mp3","30572","816C5BC55634E496FB7DF31DFE9C63A4FCA14C075430860CBE87A6621F21BF95","PASS"
"000035","000035.mp3","28268","EB50937BA89F00B202B83803C5FD28AD2020CA37FA9ABA23F3688F3C8A34889C","PASS"
"000036","000036.mp3","46124","A4F19933B3367B93FC12D6F2F3051D88E692BB4221FD9D3EFEE288BD142AE1A5","PASS"
"000037","000037.mp3","44972","038CF23EB254BC46B282F101ED80A50E4291EF3225F6C439684A4B9222D44EE9","PASS"
"000038","000038.mp3","30572","3A2593674E39C77534B5341307B602CFFFA91DB5B2533955ACFCFD6DBB16CBD9","PASS"
"000039","000039.mp3","34028","827699FC71030D7F05BB4BE36994B141AD56658591D91C6B85D38397D9187673","PASS"
"000040","000040.mp3","28844","88E6E9A6FDD78B0FECE94E465811C0E5DF40903935FD92119928A56BB88BF639","PASS"
"000041","000041.mp3","27692","339678C8919A65BE3805BEF4486B48680E8E3212DED5D801026A8CE3A82BE497","PASS"
"000042","000042.mp3","26540","A44E97400A1C1CF4EDB7180622417EDF31FFD68B51F68418BBB2BEFCB0FC4A37","PASS"
"000043","000043.mp3","23660","46858C5441A54A2988B97044814E1D1627E4199C8C49EBB7909F84AF1AFF9309","PASS"
"000044","000044.mp3","44972","289173D657A37A771BD5F4D05D327B3921D4E6444EA89692AD11CCADE2E9E29C","PASS"
"000045","000045.mp3","23660","0E2A5B848487280C3001F4930E46B1963CAB1E4A894290A974EE5A08936F480B","PASS"
"000046","000046.mp3","38060","419D10F4E1E73D1A72FD439535DE13F7573E03D1DD2AF3F81DFB92A233A385A2","PASS"
"000047","000047.mp3","64556","7363ED64E9697FDA8BF234EFE1D4E6642D48161F9331AB8701E47F171994EF2D","PASS"
"000048","000048.mp3","79532","6B83E591AD3BC5A5A4836BCBF2DBDDB19C1853A4B2480AF307750BF15F39B6F4","PASS"
"000049","000049.mp3","28844","0E1190DDB3E67816FDC4D4C7BA0DCDA2C4969BFBEF0E09B1423A3F2E588BFA5D","PASS"
"000050","000050.mp3","34604","07C2072004ADB3B81C220D899C1E1D53BBCCF7CF3EF6A3B986032EE3D651A741","PASS"
"000051","000051.mp3","32300","5D225574ADDFF9B242775632265582DD08625C388619E84C136713FF6BF010FA","PASS"
"000052","000052.mp3","29420","B1980BC9EC75F5AEEA4C8271F2771BC50E8549BB72997C3BC6860EAF3293BE3B","PASS"
"000053","000053.mp3","27116","62EF95CDD3DBDE07695E1928B156D1983DEF0FCDDCAC8BABAC2696A4201557D6","PASS"
"000054","000054.mp3","30572","EC751096EF87E6CF7A57A79C9E5693BB34AF0E8EEFA19DC7299B72DBA0139E34","PASS"
"000055","000055.mp3","37484","BE4A64FF71ACEBBAC028224B407A19F7F58CFBF927205F97B1316161009ECE41","PASS"
"000056","000056.mp3","34028","1E4399BECE875A8FFB681E3F2382C081DFBC5ABB8B28283D2571B45873F0C425","PASS"
"000057","000057.mp3","34604","AFAC572AFA6CED43F489DB74E435C641D0421DCE16A773C7CB268739B465FE8C","PASS"
"000058","000058.mp3","24812","B450BFA671D9063C288F767D09DF4B5568E1176BA2A780A43CAED6F00DD02A37","PASS"
"000059","000059.mp3","22508","334C93A773BF7953384C20591D1BF5839A5C02582199BE44E9D55F9B91997AD4","PASS"
"000060","000060.mp3","29996","6B451E5AE0A5D7830A163D260968754A1FC4B3A39AAF8E91B0AAACCFDE7D273B","PASS"
"000061","000061.mp3","19628","C1C319A1F2A9AB3EC3C2A074F3F2BA82D071C81F0C78F0A424FEBC3124DA6E66","PASS"
"000062","000062.mp3","29420","D6C875A1C4170AD58A594E85B124EC941158DDC8C217DAE977132CEC730B0696","PASS"
"000063","000063.mp3","26540","50742506C6E8C5451C7BA6167D34BEEC0C78B4F770DBE52CAF5288851868FBFE","PASS"
"000064","000064.mp3","35756","7FA4B798B1F4C76A2FAF34005C0BF86F9FA5C13DB4396D7F38D82732C36B2115","PASS"
"000065","000065.mp3","21356","CB4B7C2F091C05BC12586898FC90A53E22B01D257CF2FC1AFBC303E7CD008396","PASS"
"000066","000066.mp3","29420","50D30D6F9E6C9FFE6D2346AAB0AB475283FAF1B05DF089D0003B3331118821E9","PASS"
"000067","000067.mp3","18476","E52C6448C7CB5BA0D9EB1FE37185B1A1F2FBB9FE2DBB28E39A2E10DF08B1A15D","PASS"
"000068","000068.mp3","18476","A615CE2FBFDFD4AEC9E85A0F905D3A17183B2A4A9E09DF8098804FF2BA6E82FB","PASS"
"000069","000069.mp3","18476","AC56ADB287DAF601B15C15B3B47ACAD1F274946F8A868F823B4BF1CC2A3026B2","PASS"
"000070","000070.mp3","17900","A596DCAA3D9F579A6B52F81D329EFD9A9BF649EC5ADF3E49D1C103F98A95FC21","PASS"
"000071","000071.mp3","30572","FD0DEA6214DBC63A0E24272F02B2BB958C258761B389B98D60334F8E9949BC16","PASS"
"000072","000072.mp3","27692","5484E2D5782E1A555C6C21E610483F7227E5FCFEC30F8DA19118D6E2E8A7BD8D","PASS"
"000073","000073.mp3","28268","8E81E2EE22797503D89EA5A7CF2FB04D749069BE34EF43A54D525DEA33F1AD07","PASS"
"000074","000074.mp3","21356","8C290C9155D6C7BA43B1D5BBB9C8511725B872660AE70FBB149BBE4CC66DF7BF","PASS"
"000075","000075.mp3","27116","8975C5C325D1B9F1D2E963C7214C05E29EDC4E19353C28506BC5E0C6C0D96E5E","PASS"
"000076","000076.mp3","25964","30231682DF08F698310DE53F861E76EB5C1F5392BE890C002F0100E5F6D78135","PASS"
"000077","000077.mp3","14444","7FEDD4C4CF4BB6E5A40CB4F9524991CEA5B67FA7491F58A6F035040CEA62620E","PASS"
"000078","000078.mp3","31148","446164471F6E4E15515189A56E23078BDC01DB9488B24FB426F14A3DDD8B485F","PASS"
"000079","000079.mp3","20204","AC6B873D3D1F64D6AFE17979B30C69B39EB31BFC59DCC229B039F6DE7A9CB38A","PASS"
"000080","000080.mp3","28268","8A2B409895D63D4E2E10429027433CA7291E0C9BC501E61FE6FF3337F71CDDCA","PASS"
"000081","000081.mp3","25388","339F724AF8A13D162A7256667507FD4D3668E1FF450B14FEFA93D802A1905110","PASS"
"000082","000082.mp3","32876","3A8544C6C9F44269F937DD8899D2929A4758CE98D46DD6A598AD1C1C50086E0A","PASS"
"000083","000083.mp3","23660","FCB9E4FC41AE5AA73A31790FEDDA32889CFB65D7B837A764F90CD7010A784EC5","PASS"
"000084","000084.mp3","20780","FF30B01775C2425E796EA11A378C1614B5D9A7813472D8C1D61535FD87A13162","PASS"
"000085","000085.mp3","28268","632EE71B210E09B553782438325629D8DF0C7975537B0E735B61F0ADB6A9D4AE","PASS"
"000086","000086.mp3","24812","6D5C2D15E537278462B873ACF64087B022B53FF28C9E10409B9E3D5DC647B011","PASS"
"000087","000087.mp3","23660","157137222031E2F7EE028262A9AB1EFD0E9CE65A86A13E168E36A87EF0D23003","PASS"
"000088","000088.mp3","37484","B73FAFE8DF323094FC1D5EF8EB9CAA80A65981A39B6811A45BAB3303FF938283","PASS"
"000089","000089.mp3","30572","C7760F6B9C335078702C08FA214D6D0617DF26934916C19A1A350CCE733BC91A","PASS"
"000090","000090.mp3","32300","5F8604DAFAA5BB653A2C8C9A098EA80E77556F886CE52D24412464A3C56EAC65","PASS"
"000091","000091.mp3","19628","40B4335ED3C8418F14AF516281676DF7C9D40D6D939CCFEE3CBF583E82190A76","PASS"
"000092","000092.mp3","20204","DE4B188922DAA19B8DEBBC34FF49DB4B2EC66B74375BD2F177A5D52C685F016D","PASS"
"000093","000093.mp3","24236","DE4AE8E916CEE9BCAD940A98DA8D2100F14FA7DA80A1299DC0643F4034D8830C","PASS"
"000094","000094.mp3","29996","6F7C08582F961560E65228243BE4F77121364DC4053257A5BA2C271489B18467","PASS"
"000095","000095.mp3","22508","00867ADA0BA0F9C95649DBEB7B6D34C85BF394DF2F6E5EAA2AE2DB497FB71C3F","PASS"
"000096","000096.mp3","23660","75A40601509436470A18C47A00355A05E6C5BB8A41F6B9B4D44ADA2D795722BA","PASS"
"000097","000097.mp3","21356","63D1BC1F6F27767A4844A1BB9A0E01CEEAE99468367245AEB369C3BBB18CF9C0","PASS"
"000098","000098.mp3","44396","41E5243AFC0C35706A5991C1254A8CFD12897155A88D35022424DA263D8AAF23","PASS"
"000099","000099.mp3","21932","4199D147740D984628134E589B77EF6C9D4EE6C1DDF1CB6A606CD824156162FD","PASS"
"000100","000100.mp3","31148","9B08903F3F0F9691F79E8AA56C7687E6F5471D121CA05EE882E3419411A1A265","PASS"
"000101","000101.mp3","22508","8957EC9CD543FDF98F5768351809471F87F818495E994231FBE87457E03D6840","PASS"
"000102","000102.mp3","21356","82FAC1A9F14EB5EE9535C3337C7F0A6D6981BD17A304F49A7E9AEC677BBD24FA","PASS"
"000103","000103.mp3","25964","5E061C35A53E5AE04FF49925D04633801EC404A34FA03A56963BCC83BEC3A6E4","PASS"
"000104","000104.mp3","24812","CDA1014718F6F8853CB56F95AC2292A2D196FD968BCA4EC7A5408BCE1BCDE426","PASS"
"000105","000105.mp3","23084","6AB8584A07270309A8F9D080E43C3CC88B4A100C85CEEE82D04BA3529DAA9D9F","PASS"
"000106","000106.mp3","34604","57AF5D35F76C224851D56322B9EB020CDF2B11E9E0A841BF00084734B7E6B658","PASS"
"000107","000107.mp3","24812","F1FE899AC27332FB48A666E572BA5BE35EA3B8B44CECD658B1C6FD245DF0E871","PASS"
"000108","000108.mp3","35180","B3C0876CCF02EF77CAC703EB91332BD0C578E5613EE3F0888C1C8AE2BAEF1471","PASS"
"000109","000109.mp3","30572","C68902336D628251A460423A56A1A5C9027C413EEA64F7EDC72867BCC631103C","PASS"
"000110","000110.mp3","42092","495758735CD1558F56F3C07650E22E50A94F1270D82E5C5C3F4DA8171172F4C1","PASS"
"000111","000111.mp3","44396","0B47F7B997DA2309AF94E8921BCC5A3EE5248D337F0DE87CE74984D8F295805D","PASS"
"000112","000112.mp3","20780","0AB3311C4760203E93A49C4A8CAF274C77E6CAB9B53E3C8F03498FE2F6858AD2","PASS"
"000113","000113.mp3","33452","11FDFDD64B34D2409FB57D73676836E00CAF4125948E0C3DA3C704799FD82432","PASS"
"000114","000114.mp3","25964","7EC9E9F302A44536912C0C488B77A7D0A7DEAD039386AB4F4DC52AC5A7C362C1","PASS"
"000115","000115.mp3","28268","25C5A3170FF5C4F9516E9B7CBC7D8B34FB94E2AD9CD8E88B1E5A1EB322759363","PASS"
"000116","000116.mp3","27692","3D43B03ABB62D77C5C364E6EBA77DFD7F5D6519B8EBEE0E8238DBEB5597FBE20","PASS"
"000117","000117.mp3","22508","86AE3A5172482162B9CD2EB644CA578BAB3D47F23F723524ABC71105B037FE46","PASS"
"000118","000118.mp3","16172","6553032C708E53AB6D0F4334B3958AE79080E490123B7D61223263FD61B2E452","PASS"
"000119","000119.mp3","32300","A5B7EC84F955CACD7FA0E68345E25131A336C73535F6FD868A69F709FC30E25E","PASS"
"000120","000120.mp3","25388","514FCEE74C164E8002CDC043A9202B7D17CC3EBCE027F2D52C9B7AC6997F3C10","PASS"
"000121","000121.mp3","22508","8517847C0625C73B12C6E699EDC6431C08C4273A9FFE3C1A4266A0AD323FE2B2","PASS"
"000122","000122.mp3","27692","25A463AC9677D006555B875A76D6D741DB69E750FF0D3C59F54076770E488CAA","PASS"
"000123","000123.mp3","22508","BF9C212E16D5634F5AB55E70E5213AB11418B04AB27B004ADE4B727A01F62A59","PASS"
"000124","000124.mp3","24236","AA4D4BBBEE1D098F93314D5726266D39E0A102D5AB3D09FED60F29B7C6B73E51","PASS"
"000125","000125.mp3","36332","E84612A1892317551F0329E99D6C6FE7F9254BBEE59015BDCCF5D2BC10405AD1","PASS"
"000126","000126.mp3","31148","4B0647E4D10FCB13F9C2FD9EF3E96C04D24D26D37BBBA3D2F41241D967AA090A","PASS"
"000127","000127.mp3","33452","73E7330095F00D50751596756087AC3A4031C2980BB2D3E0D12F9578E66ACD08","PASS"
"000128","000128.mp3","37484","D215CCCD1A548FF4379280402101B2DF721E3E73215698DDE5B83D995D5CE0A5","PASS"
"000129","000129.mp3","18476","7F00D8E2D2EB11CDF1DECAC5D71D822D62840D7E488361C885232A01882A438E","PASS"
"000130","000130.mp3","21356","B04DB29AEE8600A895BE9EB87567345E7EBDE721C85ABB61F5EE8A339A5B2406","PASS"
"000131","000131.mp3","14444","7AF8F34145B8ED8B01F050C7ACF26CD6C60E7DB49773125F66A4C59356059044","PASS"
"000132","000132.mp3","22508","D6D17F0CDE2A708023CC911482156A1E0CCE4BFBEF489662FC4FF83800AEED1D","PASS"
"000133","000133.mp3","27692","9470A9E96C4A2371C0679465860B2B2E6F4A4C7082F3B75D15B26F541176A726","PASS"
"000134","000134.mp3","25964","44A50557D07C8AD6BAC4FCA58065370136E44B19456B5E7D60B1DB4F216C63B7","PASS"
"000135","000135.mp3","21356","F821B364CC6027F9A241048814083F98844E0BF24907292A8BF4BC65618B5FF9","PASS"
"000136","000136.mp3","21932","4BCE182AE707362E75EE28061E2A957B84E0B5EC1FE198D676905439D7AAF83E","PASS"
"000137","000137.mp3","26540","75E2C97EF035F058D8DFADA43F02C8A9144AD61DA478CEBDEFDA67FD87AC61E4","PASS"
"000138","000138.mp3","24236","EDE6A90D055FF9618143191FAD9CE614F8F5B25C5B4CA51C030A4437D8DDFB01","PASS"
"000139","000139.mp3","17324","F7146FD6165B6F03C69CC99831AFBB9A71FD1C794CB3BA7DF9635CEEAADD4B2F","PASS"
"000140","000140.mp3","24236","0EC8956CD3E932F77FE4606028F51D3ABC49266EF06DEE2DEA1B899DE69BD7EC","PASS"
"000141","000141.mp3","27116","0180FB37E9DCE7CC3692D21F49D69F6710E8C6A82C7272AD0E8D751200C0C094","PASS"
"000142","000142.mp3","19052","BFEA127FBA2586121A1CA8E28173DD1BA58D4B01AF6C8E20E7A53BFFEDDE5227","PASS"
"000143","000143.mp3","29420","F0BBDB7E7B0B8F304D724C334BBB0612AD01D175CDA404BBA27801280E77D699","PASS"
"000144","000144.mp3","24236","B55F7E0D4E0D3C0FF4EA85FF177845ADA6B6EF62A335D1F1DEBFDB36C8404BC6","PASS"
"000145","000145.mp3","23660","D98F8E60614FC1643BCDA9758C3D2341A802F02DB500D2FE4F36E2DE6FC1B2B4","PASS"
"000146","000146.mp3","21932","CB8828C64B445F0C27952624748C10E91DECD9C000B0FDC33931935BE5763D1A","PASS"
"000147","000147.mp3","20780","BB64E35D44AF1D07995D3A27F3EBDF30543489999289016525A82BA5E31BB378","PASS"
"000148","000148.mp3","21932","223F1D0F4091146AADD251F89699679220817325149EBA3D45C52FD46EBC7E7B","PASS"
"000149","000149.mp3","21356","997D4BA79E4A7CFB5EB12DAF3CADC745BB618033578BA041C9D83CF915E507FE","PASS"
"000150","000150.mp3","28268","509E7D9F9EBDFA65822DE4CF99ACF09E3B5DCB3E7A6212F48C67961EB7248D68","PASS"
"000151","000151.mp3","24236","15B4F2BD805EE2C61386303B41A78619F451118FADC660221DA8E0427149817F","PASS"
"000152","000152.mp3","34604","0AA82D5274BB056F6470BA5DB7F1084B1A7342AA135469DAFB371E8594C58DEC","PASS"
"000153","000153.mp3","34028","04358CC4E4FCB587BB5D8F22D1AC55C9B0EF3006C36AA086FD43AD6D329A4D2B","PASS"
"000154","000154.mp3","23660","4F069892A78362E6FAE91487FD8FD8D85C39DAA1A0D6C3069BD985CA3A73D9E6","PASS"
"000155","000155.mp3","23084","E2342BD0E5DE98CC859B60058BB256F047B816179795A575AC2283D6AE7E6B67","PASS"
"000156","000156.mp3","23084","4B08E1EE86EDFEA1455F1DF9A159FED547F6E96F23B6F57E39673519E196075C","PASS"
"000157","000157.mp3","23660","B770E163BCCF9FA73B0232186E4E0B6E6846BEFD4F057B339E7ED3BA06B4F61A","PASS"
"000158","000158.mp3","29420","8058E4318345F42547D041210751752BA25537B4B9187E349311C02DB5D5943E","PASS"
"000159","000159.mp3","26540","4F7CF92DE89901A94625A26E078E6D5A8B543CA05A6B9E6BCCB24DDF084CA790","PASS"
"000160","000160.mp3","25388","D56EBD15EE574BFF05DC7A91B224333276066C88464808C14D870226F1163649","PASS"
"000161","000161.mp3","20780","AB845715BA3DCFB0FADE0C95CCC4084D1F4BD4B4E7EA0E49CD18448A8AA801C0","PASS"
"000162","000162.mp3","27692","B29FA718DCCA37E7C19C155A6ED47F6ACAE33E61E4815490DE738976F7A4194E","PASS"
"000163","000163.mp3","26540","12BB9DB4FDC7AF131A5A41FE39065D143FC0897A65796C2DE8451604B6431736","PASS"
"000164","000164.mp3","20780","7BE07495554968EE0A8CDABAD02E9E3CA0DE2192EF3888E637B5EF37C1FC487B","PASS"
"000165","000165.mp3","20204","980E638A552BE0A616406399304EDD2A04FA59EB2D863B322D88D2F41A36CF1F","PASS"
"000166","000166.mp3","25388","9F607BBF5251D54F1417972050C0DCB45FEACC494B89F0DA7586A98FD43B731D","PASS"
"000167","000167.mp3","29996","9427D21951DC23A96032FAA79F8D089C5F2FA0C1ADBE74B3548D89C3BC660CF8","PASS"
"000168","000168.mp3","19052","D5667A6CDA447D8DFF318F3F7919A0F2D54639977E838A9A98A37F7042AB0FFE","PASS"
"000169","000169.mp3","18476","53F234AB459D9D7F2543A5DB19CC602DEF3A54CE6EC4E1E303CCD622D55C83AB","PASS"
"000170","000170.mp3","19052","7AF0D45AB0C87BE9476C73E2E295536E0302F13EC6B2054C5DBF0B6EA7094747","PASS"
"000171","000171.mp3","18476","B674C739D6D8137F19F95D982BFBFFCF18F16F628BFB4E1784B14388A2F39031","PASS"
"000172","000172.mp3","17324","1192F6107CFD51E3A8827B0AB26A3C53A5957E4C601150280E0D18E321FBCD09","PASS"
"000173","000173.mp3","23660","C3F5EBFE7B4F6E3E292ACD399769E73EF7C9CADF36E8797CCF9459027AEC7B32","PASS"
"000174","000174.mp3","21932","8543A631A6A376CE2A3CFAE5E13944412E080AECBBAD09AA35A05C70CA5DDE1C","PASS"
"000175","000175.mp3","20780","D23B97C3475410C856EEF75441B55A45788B97B0BBB62FFECD4ADE3534621292","PASS"
"000176","000176.mp3","19628","506BA078AA73AD1ADB0C00E1213EDC3142FB44870145B99DB67E4931E721C49E","PASS"
"000177","000177.mp3","23660","8F1D2AD21B4D7E93882D21E0DF762EA2DA0A9604604FA2499081B1D354022C62","PASS"
"000178","000178.mp3","22508","68B1B2EE95028199727154C797321529C383F4293E6A3A7E231D68A8868D971F","PASS"
"000179","000179.mp3","25388","F00E885E48F4A239DD5B15793E4331955395AD095AC1EAC3EB203B9FF58A538B","PASS"
"000180","000180.mp3","19628","6FC08CD205B8C65A06EE067856E90582329DD32B519A5272AC8FFA64B3EDC75F","PASS"
"000181","000181.mp3","17324","298A508A930C82977E2E4CD40DE8EA4B2C56DE4B7D6E9940227209EEC4F2AF34","PASS"
"000182","000182.mp3","26540","CE39F3D06000E3C3B2266030D598323CF8A8352BDAB6C11740119F4B6A132486","PASS"
"000183","000183.mp3","18476","C105F5BE6B6F31E41FA08F859EA608212FE252BFA7C11F9EE6FC8727FD47EDFA","PASS"
"000184","000184.mp3","29996","8EBE7A33365DC77668A2D6C9FC88166B96AFF18A84CEC9500D0046DAB33817C7","PASS"
"000185","000185.mp3","20204","445564953BB0FAE2BE2A8FC58E0FFBA4D93EB45E5CA4F0D2B34EE994657CD8F3","PASS"
"000186","000186.mp3","25388","FBCC29C8E5C8D808845DCDD21E9AF37FABD00C69534105FE688F700BE16C82A7","PASS"
"000187","000187.mp3","26540","B633E7851D6A628D8C89A18B13AFB0C266FB3C206DC4099FD906A09935823F84","PASS"
"000188","000188.mp3","27116","AC3C1660762BB7FAAEE6E75CBEBBC14C287A7F4B12BA7FEB7C161807F265B092","PASS"
"000189","000189.mp3","28268","95B39FA22F86DADA62A7B0B9A4E7447F4C3E25313A94F27F9B44A3F38BF19BFA","PASS"
"000190","000190.mp3","25964","68960DF0DEDBE1C2C1207A80EFFAC999BEE4EB06F1138E45DB5DBBBD6A8FC36F","PASS"
"000191","000191.mp3","28268","60BB154DB03921C78F2401AEEE04E9C81788FF3F40AC5CFB1AF6B4C4729BA444","PASS"
"000192","000192.mp3","45548","5451A32EE18E5FFF0E332D0AC36FF3AAF9DE2083438868D7D2D5AA845C7DB836","PASS"
"000193","000193.mp3","32300","8A7C571A1EDBC594732081A57B80F1C2ECF8D1C8EF2AEA40DB111ECBDE99673C","PASS"
"000194","000194.mp3","29996","F66D0C17FD92AED1BFC0516A05ECEF6F817321110E5375DC4E4C65D55DE27F95","PASS"
"000195","000195.mp3","33452","CF65C2C3DEEE76CFA0EB93357CD565E89DAEF37B53CB41C8ABD25BCB85254527","PASS"
"000196","000196.mp3","28268","35BB9D1256B447221DDD2FE88F487D69E2DD4C5DB278610C8DCA70680BC1EFDB","PASS"
"000197","000197.mp3","40364","FB50FF0CFD1A4832E6096970A526F978B7F1195DD48C91ADC2533AE40EBD29C3","PASS"
"000198","000198.mp3","31148","4FC3292775935D43055143CC42C7CBE24123E3A9F9CF0A084DEC3C8D8C355BF5","PASS"
"000199","000199.mp3","29420","42101E04F8CF11604CFDD8065FA57DC8A8E1B3948FF043043524F7E92EC30634","PASS"
"000200","000200.mp3","25388","EB4BC5E9A97F5355AE82BFD4A5536AE6B95AC76021C3D73862B2B464C6199DE9","PASS"
"000201","000201.mp3","24812","8DC83FAE49D1902CED319A050C1458E21D76551F93ED414DCBE8D432D14CC3F9","PASS"
"000202","000202.mp3","33452","7F675F62EA0D1DCF6FD16B0D01A61D48000F93868BAA6F7FBA59826C82050D60","PASS"
"000203","000203.mp3","28268","42668C96545A49B4011C1B249538645B8F8BE7805DAF5080B382C8672A544808","PASS"
"000204","000204.mp3","31724","08CE619A03F2CD59CF03F3E1D43482CE0889317C81F4C248DAB4647905DDCC6A","PASS"
"000205","000205.mp3","25388","678E1F6E0C14AEF56DDF53C28E25FCF11CFEBC2063DFDA9D7C3A1F0122EB2884","PASS"
"000206","000206.mp3","19628","9A5059242C66EEDC7222CC41383F85C8A7A0C0BFFB57F4381F23F46E0078F1C8","PASS"
"000207","000207.mp3","21932","99DBB293DA67C841243BF40D95FFAD32ADC4105E0E7AE877041A28934E208E81","PASS"
"000208","000208.mp3","19628","20303ACE98F696B3B243A498B062C993E9117C002538BC08A707C437F2E7D823","PASS"
"000209","000209.mp3","28844","92326CA9B0EC70D59B613F8F62DDF57A237B393F7319C05287B010AFAB975E00","PASS"
"000210","000210.mp3","24812","17D93D944C51CA25B594F1B2D13D5F2B95554032E21788D3B2F938ECB375A21E","PASS"
"000211","000211.mp3","23084","392BE41D21CB8D41F0D1CD12D7098CDEB8C7329E13C6594259CEDFE1DB2D32E9","PASS"
"000212","000212.mp3","21932","371715AF7B0BE90EB878D453C17621403BF30F71D26BB64443D859684B9A9E22","PASS"
"000213","000213.mp3","23084","084E0435B8FE5A95D2251D3EFBEA3E80A8EDE341FA06758061E052F2D9D3317A","PASS"
"000214","000214.mp3","26540","0DC7690259C450CED54DA5C3AAB866977F11E0C148F974DFC34F4CFDA265865E","PASS"
"000215","000215.mp3","24236","2A35BB2C261B7C94BA250B2D989D8B73C397EE41438CED904FEFC5A9CFB2297F","PASS"
"000216","000216.mp3","33452","5B50C8495F48821C891F6460FE8621835334D84FA27AB42092087A07004B415A","PASS"
"000217","000217.mp3","24812","3F2380BF51B06869E4F1F2365317077296EC07A6C5772EE4931831C09C5159EF","PASS"
"000218","000218.mp3","29420","D50C921FBCE9BEF037ED4A6C17504960A79EC4088599CBD99F5DEE271792C0C8","PASS"
"000219","000219.mp3","25388","D69E76348E3DFD47F21403A8A21ADB49044587946F428B75E1A51DE9B50DF8E2","PASS"
"000220","000220.mp3","29996","7447143C46FE06AD3EB56EBCDB0B4EA11775D055DF35961376561E3B77736AE0","PASS"
"000221","000221.mp3","33452","87D0746BD75963EACFCE5764025C56913676262B45D8451937A578C54F27C693","PASS"
"000222","000222.mp3","23084","8616391BD33F2F9A60B594C0B0631EED10964A65DA5F3ED6FE4F305CD7FE8CB7","PASS"
"000223","000223.mp3","25388","3B388D995B989067C530FA9C1E873539244D71E3A227DAEEC3B1C99E9004F6DC","PASS"
"000224","000224.mp3","27692","5B53D5F5FC90FA75F5B58DC4BA374BE9A28760BBF742239806BBC163AF889EB6","PASS"
"000225","000225.mp3","31724","E089ADA2388AB31CB34A4BC0C27A5C4E6E1FF2A50C1B175112A17B8E3E422E81","PASS"
"000226","000226.mp3","30572","45415699E24BBE40185B5C19661009C7C6FD1F0CD6F05F21467703C8CE7BDC0A","PASS"
"000227","000227.mp3","25964","AB66FE36D2794331865115ECE8601B5A760D3DAB5181768C77D5B9A4012020E9","PASS"
"000228","000228.mp3","34604","46AD5BA46B50E604C793C12B20807B05A48FD775734ACE2C951502A57740138F","PASS"
"000229","000229.mp3","27692","12F2F62AD28A94D1A28831AFBFB66E2F21E5B6B42FB549E3C79A40B4E999D64D","PASS"
"000230","000230.mp3","28844","829474B853AC783515D71D4B0FF01BA94A3095BEAAB52F6766E9A9A16C75FF4B","PASS"
"000231","000231.mp3","27116","54B46FE803FB5092DE929622F057BA61895A1EA2FD861B10893BE85164BD5C33","PASS"
"000232","000232.mp3","25964","3651CC9792F671FAAA00350F2479DA61FC9B13733499ABAE87670150ACA1B4AD","PASS"
"000233","000233.mp3","22508","9DB81B87B1DAB0618FD7465BD12CDD4C237F6DF2F5689F2B70948BC806EAA457","PASS"
"000234","000234.mp3","31724","B1C1B5205F10779F3AF580975C359ECD87DEC8520B98CE6777AFF396B7B2E4A8","PASS"
"000235","000235.mp3","23660","F6DCF04B200161C51422C2490FB3972DD16D7C2847F408E7098C3D2AB2281268","PASS"
"000236","000236.mp3","21932","477081D900A2084DE6A3C02B1AC6F967E422282F07AD05960028365758ED0EF1","PASS"
"000237","000237.mp3","21932","13F43AF0E00574940491A278FB37BD1B9CE36B7FB974ABF36E81B092BBD61D39","PASS"
"000238","000238.mp3","27116","A270828EBB23C3121B7E7D4A2F157191BFA3C7E13420EEF7E353FD6F9469ADB8","PASS"
"000239","000239.mp3","34028","1022852A1E71C56DDE3B40C816E0C04072A52D0F1EA42410F98AB1C4901CF27A","PASS"
"000240","000240.mp3","35180","6197E92D7D1BC3BC269A05DE1659547897513CDEB8876F1AA8040E289FD7F434","PASS"
"000241","000241.mp3","29420","905949233BAB37A9B020B6E79CD7ED1AAEDBD6A84EDB4D6E113A0A682907E132","PASS"
"000242","000242.mp3","27692","78F4B30D7D000A3C51EB2362F92FE41461A0DED4942C9019D880865055631F4B","PASS"
"000243","000243.mp3","25964","965DEA99751ED3DF0663E5A6BDF47940D513D58EE2445852287D65342868CFB5","PASS"
"000244","000244.mp3","30572","E98164FAEA24D65FDA315C6BF3FBD01637AA7225AB75F729994C1E21902D6ECB","PASS"
"000245","000245.mp3","27692","5020CEC47D3F9963EEC18EF2781B200D16CF38DDAE0B72F179C6BB890A83D4A4","PASS"
"000246","000246.mp3","34028","5D332995568D52AD8A4833F01CBC5F9B8BC51D30851CCDBE40C075BC16A32C4A","PASS"
"000247","000247.mp3","24812","C0ED23F7B3F825BD262C8355C5C38225755B48FD9FEE5200C295308E701FCC54","PASS"
"000248","000248.mp3","21356","68F3150538FCDBB81B0252A20679C0CAAC75B9377FA295BC08896F33D9A2D1BB","PASS"
"000249","000249.mp3","32300","47A788E02361F015BC21AAFF5EB6506703B3241584D2322F9941805F8F531095","PASS"
"000250","000250.mp3","32876","A3470677F57EE5A868FB6AF8AB46C5174C5A53AFD46271E07FD14472419401D2","PASS"
"000251","000251.mp3","32300","00A18481F5582D2083585F797E3AA0ECA2CE520CAC1A88DA2BC7C92C38D3AEBC","PASS"
"000252","000252.mp3","31148","07E927C3FAE270B1784A4626A1D2F3BCF09AD81B63D32150CDAF51FC8C1A9D30","PASS"
"000253","000253.mp3","31724","C68DAF7C632EFC2DAB9A6755F9A7DD416C0A8762FE723842A9FB3E5D029D8B5A","PASS"
"000254","000254.mp3","73772","B6CF5D4716C094D31AB2A609A9CA732C4509FF9D03DD555592559CAE3BCCCE7A","PASS"
"000255","000255.mp3","27692","F7954C0CB9C66E4E7F0766596F3078881234606AF7939D939EBABC8A9738F168","PASS"
"000256","000256.mp3","24812","90040915345483D79CFA6159D88B3506DCD76424282C93DFE629F7707B23F04C","PASS"
"000257","000257.mp3","30572","9DC2596B206081043E19A9C9D8D857E85DC553C2BE28985B451CC5D462050254","PASS"
"000258","000258.mp3","23084","50EA0AAAFC57498B0692408836894530848C76CA2F2CB32FB10D4508877149AC","PASS"
"000259","000259.mp3","31724","C22DDFD3D200D1D38A33A7292EF1E285E66A6276E24F680EBA88AEC5553FCAF9","PASS"
"000260","000260.mp3","32876","162E897A101EA0F66FE6E53BC9448FE39E96570F9A29955406F2239F9DE3DCA3","PASS"
"000261","000261.mp3","23084","B176EBF0535F37AC6DAC95BEDB767891A343ECD6FE8FBD8C46FFA7BF25D1FF84","PASS"
"000262","000262.mp3","30572","AA8FB2EEBD5DDE4A7223B14BEB746C55F4089F293A70B20BAF4288F692AEB96C","PASS"
"000263","000263.mp3","31148","A7DE757E3610550DD6F4037683C2337D3CB3C6025F6A7DF4D6660A1268CC6D54","PASS"
"000264","000264.mp3","35756","AAA01E1E591F662C4DCE93ECFDE6C7DBCFBC97A9F78387D5B64B2C3F2BFB1835","PASS"
"000265","000265.mp3","33452","C9F105C38157442E80C9CF0F1E5B6C1F6FAFC1D9697AE936CD80A68637D3501D","PASS"
"000266","000266.mp3","30572","CE6BC65B529A551F09B735F371F853C52391014A414A511F3A02585768F2CDD3","PASS"
"000267","000267.mp3","35180","808422BDC1581AAEB3F44BD1EDF51BE4C1EAB5D8CE5DC78E97C437557E7DD260","PASS"
"000268","000268.mp3","39212","BDCA3E0F6491A39F01A48AECED6648B839A4D4AC33D15E31D8711320AD87792D","PASS"
"000269","000269.mp3","32300","F0E81F36C150427A5A99F19976EEFEE74BF3A51AFE971D822379B3E7D0D2EF33","PASS"
"000270","000270.mp3","28844","8D957C115BE92E3E1C5B5C037E0B7A91217442CD4DEB2D166F95DDB87B511B8D","PASS"
"000271","000271.mp3","28844","20AC19A96FC176B1656D38645C828C3E59E00CEBD1A671559A1651AA0AA0DD89","PASS"
"000272","000272.mp3","33452","A1D3AAFE17C35F845A45628A1AB831E608EB440AC8543AC52170A022A0854CBF","PASS"
"000273","000273.mp3","28844","CB555738D1B3C2A3B0D9CBB1D25ABDA70FB6FCE0BEDFBDF564CFFA45F39CD501","PASS"
"000274","000274.mp3","27116","7E167998C197F5822A7E62580D409299EAF26854A3EF66A8BD0F1E254A854241","PASS"
"000275","000275.mp3","34604","F42170943DF3A81AB617250EAB33777559D7FE70D30E3A8A33F019D6D02EE97E","PASS"
"000276","000276.mp3","31724","B18DCA93D8A9856C9D2155255A3A903FCA482DD4DE89E8714044FF942251376C","PASS"
"000277","000277.mp3","23660","AD5EBD2A23FFFC4AB95507ABA39BF9C5E51B94A9697DDF06A0DFAB68C38A9506","PASS"
"000278","000278.mp3","25388","7D72505A2C64CA014FC7D2EBA9B81CD17363F7DD9B545626CCE0508D563A56CF","PASS"
"000279","000279.mp3","25388","9959A69431F22F01E66AE9546277DC8A4434E99F6DB8EB7AB4BF09F70572B953","PASS"
"000280","000280.mp3","19052","17CFC1E7D651DF6A9260448B5D7E919B84C1A229D3A1960AA2FB38E5A5C99478","PASS"
"000281","000281.mp3","31148","702895F935470E95863A37177100102FB8573E0BC6D54686AEF7EA84C5BF81BC","PASS"
"000282","000282.mp3","29420","E074802206E35C7748C1E6C045291C960CDDEA806828D871EB473640C93FCE68","PASS"
"000283","000283.mp3","26540","6A99FF1113A737E7DC7982C35D909C5D17EA1D7E58A5539F21A46C4C027AA1B1","PASS"
"000284","000284.mp3","30572","935F18B02DF56B1F63C89CE118FC2F196B4AFDB8E2EAA70CC06E77A9738346D9","PASS"
"000285","000285.mp3","20780","2906C869D645428DF56F2AE87D857A77A2C0408BEAA1E5529362CBA14CB808B7","PASS"
"000286","000286.mp3","27116","E62B01CC4C5DACD7B02E04691A6A6323E9CDE79EDC7804D9551C971CA170B3B8","PASS"
"000287","000287.mp3","40364","5CF2A0C0D55475DB8C93C88E0DD900CA06AA4DFB22A97559EEFE353C12F3DAE1","PASS"
"000288","000288.mp3","28268","C1D51D6BE6D7543A05C689CC6A3D661F2687A3DD39F07BF09E7A0A991EED9A36","PASS"
"000289","000289.mp3","38060","B342873872FE5EFC5B57D0A63A2402E5A95F6B0796279452CE7CD03328330DD3","PASS"
"000290","000290.mp3","38636","83943897E1EF294C9174EC5290FF6C50DAE22FF971A79B1D315FDC71A9FCEF9C","PASS"
"000291","000291.mp3","38636","605E284437AE9D66BF65BE819CCAE9891A1940E612C924FE305AB5647880456B","PASS"
"000292","000292.mp3","29996","A4C02AC925F32EAB0057D4EEE5421C730D6549E72A0F7ECF19233B29EBA0E53B","PASS"
"000293","000293.mp3","29420","0D0ADCFD59C15C6A68F5E407499829869CCDE0396FE6FDA65BED9C88082AEA47","PASS"
"000294","000294.mp3","41516","1F280BD91026E703DE79B672034DA50FF9804B9432248F127C8EFD20553CE409","PASS"
"000295","000295.mp3","40940","D9C5972D8908332DBAA1CF2599A8DFD771C1625D8D3DE7BFF9419E552C0ECAAB","PASS"
"000296","000296.mp3","47852","B22189FB073C421E07FE42C4075A081E840381643DDD2BB190D70CC96072BF59","PASS"
"000297","000297.mp3","31724","9F4FCBB4766609A930ECF4CF3DD73D977E3C0AAB0F9613B977583487BFA1BA67","PASS"
"000298","000298.mp3","68012","C07629618B8BC95CA2797B499466905B360C89680F6EB75D5898E683E0803231","PASS"
"000299","000299.mp3","39788","32D2252462879F6921866A2DF37763B077E56D712BF1E2E4F60746DF32995D63","PASS"
"000300","000300.mp3","35180","DD99EAA4BEF284C556AF7067AF536B29F0DAB07FD440705503E2F05A5BF37F55","PASS"
"000301","000301.mp3","32300","BD6F81DD084C8C9E7D8BD67A9233FF5B29132BD5A25A2AC23C0570B87D115AA2","PASS"
"000302","000302.mp3","36332","E51C8612437420FD4674609B26BCC19C93450D70FCAEABEDC9CC8935241AA970","PASS"
"000303","000303.mp3","34604","C8A4F6473A6A96AFD538C52D7B0975A521C0C824C661B3CC77BCCE2092FDFDCC","PASS"
"000304","000304.mp3","37484","783979F4DAD5C94FEAC624A51C4E0099F9C15CAEED42D599AB1DF53EB7988A2B","PASS"
"000305","000305.mp3","42092","149F256BB499203DEFF1775F6D670798F2802554B1FB07A25E8A1CBBAC068B2C","PASS"
"000306","000306.mp3","42668","94266AECC187204A34CF3278E43B83E4ABB77A9F729D0794E9394B3D7CE8A62E","PASS"
"000307","000307.mp3","40940","269383FE54DD7A14320B596676699324E304E8D26207F8738AF336B153DD91C5","PASS"
"000308","000308.mp3","35180","A14F790566BB8E8618CF0B17423EF3BE61C4FFD8CE4ADEDB96AEA8559B370625","PASS"
"000309","000309.mp3","28844","0B78432E8A453587DE9EE8C53322A12A817115F1FE9FD57E3B6A815CFF062242","PASS"
"000310","000310.mp3","31724","AB94D7172154E64D22ED6F6CFE5E15CE16918D8BD815653A3FAF26B223D56511","PASS"
"000311","000311.mp3","34604","F51AA7172A06B8822DE296D7EC7451272F4F9175D1979628327D883544980634","PASS"
"000312","000312.mp3","23660","AB25EA95BBFBE5A9A598AF3C564EE1CE35067DD2A0DBE83280CF6FE17A11F795","PASS"
"000313","000313.mp3","32300","DE599595F603B2F7A7E909D93A6E091C8C8C7EF46E53AD5724BC9FBDDED73C9B","PASS"
"000314","000314.mp3","28844","D2BAFECAF893C5AC6A716D585313B844A86A78CCE0657067338BA2F421606EF0","PASS"
"000315","000315.mp3","19628","BD2C087E8134B79860C2700B0E68920B5BA0C94C0FA367143C50CF901576EC2A","PASS"
"000316","000316.mp3","22508","779D0EB14F00F958D9F5995270949BB5014E92D915BD9C8F28D06A2AF8E31D68","PASS"
"000317","000317.mp3","24812","30C8FD08999D8A688336904365D69F074241E5D079063ECE7C1FE94756E70D58","PASS"
"000318","000318.mp3","35756","B12A77E65A95905BA7952F2C11ABDCA5DDE6A0E534D9DAD95545F3FF044575CC","PASS"
"000319","000319.mp3","34604","0A4AADC01297E30A2B4EE3B05DE60C6C06DEADA2BE76AE11C885B5B6724E7AD6","PASS"
"000320","000320.mp3","22508","B163236EB72FDCC467AF6B6F9B019DF1D6FF9776698321DF4AA93C4D1B55CA90","PASS"
"000321","000321.mp3","35756","0109ABAE54C5696EA12A23577F634B2476D14E1EDDFAB59C9D0FE7493ECC1BA8","PASS"
"000322","000322.mp3","23084","31ADF426C3714468F72FBA183B7D48A033DFB0265ED38E44E3F8F71BD87A1384","PASS"
"000323","000323.mp3","30572","0476ADFB8A2147EA77A9721FC09B18DDD4B7AA04562996ABB426D4BE29D0F6D3","PASS"
"000324","000324.mp3","34604","57FDE92456594C7201A245C9FE8C9CEBDE36657482FCD93DEB5521950829B663","PASS"
"000325","000325.mp3","22508","E617DD8725CB481569C37918AADFC2AA92F790B94C360428C9A1926DBC9621B3","PASS"
"000326","000326.mp3","44972","97FB689F2FA45A56AAB91272B6DC1798A77CAF4231223D4A6A8331B20DE9C5C2","PASS"
"000327","000327.mp3","27692","FF26507C37C34567F5FFAB826BDCE69859FFF28DCE7D4B977B8AEDC89AA4DA58","PASS"
"000328","000328.mp3","36332","38506ADECAE15AC62F14D05A906DB13A5C3FEB1E48AA4AE0B61C981663CADB4E","PASS"
"000329","000329.mp3","23084","7C21113D5636801A2564A2C05E7A4FD2490D90E25EF2BD2FAB4E8E15C89CB9DD","PASS"
"000330","000330.mp3","24236","BF290EE7CAB6E52E252D1243CB0A811BA6E23C8092E082456055DD5ACE662586","PASS"
"000331","000331.mp3","38060","BFAA81E220D76D20A9684D376BBF8719CD032F52C9A429DB3FBC714E1B88433F","PASS"
"000332","000332.mp3","28844","0EE0A7BF11D97FB662AF8C0C374F446DB709864E137070B0F4DD3892E7D473D4","PASS"
"000333","000333.mp3","19628","17E04F8BCD223CEE3230F7F4C0DE68FFA76AAEC65E81CC6DA2E3C360C9CD4A37","PASS"
"000334","000334.mp3","20204","5856EB4ED198C978494323B17FDFB5F52B96FE22776DAB7E1D4219397CF36481","PASS"
"000335","000335.mp3","25388","65EBED2D91E9D5C068599CF12EF73607350F7928E6B37C81F58BB3ECBA96BCD4","PASS"
"000336","000336.mp3","20780","B4A74E933D2796FC592F7473AED1A0CE4956BADE5FFF270134AB97F6102B063F","PASS"
"000337","000337.mp3","21932","89132D2A34520E31FB698057C41FAE21092A783E59653213C3B327A9D8256F76","PASS"
"000338","000338.mp3","24812","0F7D834F389285587BA61D8F4BCF3A96FA367F4ED88CB0F1F7593EAAA5B6A86C","PASS"
"000339","000339.mp3","30572","A6FF5E7A7A0999D61CBA3553E431E8563C39C6A5EF9D981E0EFB2D3A3F387A2B","PASS"
"000340","000340.mp3","31724","C947C0C35163C80CC9C63F13C41F34E3F938BC77F3172DB3623A00BD8538FB97","PASS"
"000341","000341.mp3","35756","E4EE347BB60EE9C55E6C289C18A057C2327A5A6F10B6E162C0A95F5FBB8ED858","PASS"
"000342","000342.mp3","25964","A0A1EC9DA19E25974A4135FCF437214FC0E9493EBC31A102F5ACE3DFA7D9203E","PASS"
"000343","000343.mp3","32300","59D58A463BA005D81DFE239CFE13238322BB6ED3CA1363F8B77D53693E458BA4","PASS"
"000344","000344.mp3","44396","73825EA1D80FA3961FCD62050BD275B54198C54C6970327022EEDE03C2D0CC4C","PASS"
"000345","000345.mp3","32876","9DC24DB77FE998668A4CE0CA909F3F4960CFA25B7594EEECE842979CBBD05551","PASS"
"000346","000346.mp3","29996","CCEED602A066CB4A4572908E6836179903CD1CFF1ECE2A194385187F9BD36AB6","PASS"
"000347","000347.mp3","21932","1CE75E33C5CC973311A7A0F7A234EE5AE66F358059DFCBD429EDBD968F3907F8","PASS"
"000348","000348.mp3","27116","05F3A6B8D73A0C7AFDF89AED8AD1D156C7A7772A9D740AB84BFA2C8F6E7A6B23","PASS"
"000349","000349.mp3","35756","394A90A8DCD981486CBEE9AD4B304C0C5061568A126BAAECE78F8D8F23CF59FC","PASS"
"000350","000350.mp3","27116","939A8A4B96CA1F6699F7FBCBAE1040F17FEE7419FEC7632EDE7BF164C847CBC4","PASS"
"000351","000351.mp3","33452","F69FF3E0564C486CDD9EA74EBDBA27F172D5A1221C504AF33305DB92FB91D2D2","PASS"
"000352","000352.mp3","38636","38D383D74EA2B65CEB2A649BBD6D15B2B01E009D7CB3EBEEEA5EAB598BE3867D","PASS"
"000353","000353.mp3","27116","31C4DEFFEE211B2488FE985A454A8D632A09901D1F665B11AC2403216EB160AC","PASS"
"000354","000354.mp3","35756","D7930FE392A3608CFF79070C44658F8C281693844A558BFA02C1E51CEAF1C5F8","PASS"
"000355","000355.mp3","32300","D7B91B45D297F22BB5EBC960B728652CB9CBE59B32FA9635A22D5F41CC06B237","PASS"
"000356","000356.mp3","39788","3234523B51BBDE6E27C9F04CF22D01ACA81062A63EAF7D2D9AC2B3FE0A764230","PASS"
"000357","000357.mp3","49580","0578664B53A8B67373D06B0099A0EE342B9FF1BF85EC6D4A38D5547C41E748CC","PASS"
"000358","000358.mp3","43820","ABC06B3FD13C6CB5CD02CD251DD8229F7E16847AF4513EC62452449DB63B2147","PASS"
"000359","000359.mp3","39212","3BE41D07913C441691A9EFAE19ED983EBC96423CC332FF7FF03B17CA427770F4","PASS"
"000360","000360.mp3","27116","587D178C4C8C2206277F89CE66DEC8AA307B8127B53C4CF06136615426065355","PASS"
"000361","000361.mp3","43820","124C55EA5E9611B5F58F224B40011B8B3A3BDE099A3EDE4F166334C195C6D869","PASS"
"000362","000362.mp3","34604","596ECEE8AFA8F956994083C49CF957C20ADF8F0A1DBBEF3EB3D464B7484C4433","PASS"
"000363","000363.mp3","32300","988D40727700CDC14B006CBD694EC93EFFE6864960B9DB9F82E9B212830B6469","PASS"
"000364","000364.mp3","44972","E19D901A86752476B9CD380FB5C6A46830F59A10FAD78995802F599E2D5EE5E8","PASS"
"000365","000365.mp3","44972","2634EE5872FEAD6FC2FDB11AE9F77261E0E9FAF3681DE215C11B16D60F7C6AAC","PASS"
"000366","000366.mp3","49004","9CD8C53EE60B27F46314039FA491C29EBFACF4B5BAC7C0CDD5EFB5A09A66A3E2","PASS"
"000367","000367.mp3","37484","59D15B6802BB9560ADC1C7BBCC63BE8944FE5ECE71FC31980581975C256DAC1B","PASS"
"000368","000368.mp3","28268","B1F515B1F200EF2FEE263AB6A73DF16F44A92DF292C5BDA61BB695FF7C90D54C","PASS"
"000369","000369.mp3","22508","D3CF0036496DB359AB094639AC11A45CDD5E47D1CA4E3010B79C09B3306834D2","PASS"
"000370","000370.mp3","34028","F103B423006480BBD0A08F3F68F20A2BEDB2AC6449460656F5E80B3AAF3FEA84","PASS"
"000371","000371.mp3","27116","A4825D77BB1E2A77A8CA70014327892DB3A1CBAA2747B5B7480A7B4120136F91","PASS"
"000372","000372.mp3","26540","31781904023B1C796D820B85FEE00E3E1D4B323D5229DBCE5E07463DD94DF672","PASS"
"000373","000373.mp3","27116","9824EC6B25A9436CCECA8264F8E350BFCC27D4F6FA6A11B4A30577F2B0261D2D","PASS"
"000374","000374.mp3","37484","6E7FEA9541924E8384735689AE261681735618E7DA7F026512A163AA4C0A2F5D","PASS"
"000375","000375.mp3","31148","FBEEB8FBFB41DC13F5283DE92123AD652B4B3C694EFA7807EAD39B91FA2B512D","PASS"
"000376","000376.mp3","42092","93FAC675E3F10771E62A71BD75E5660F6E234391E20211E4057B32D6B0781668","PASS"
"000377","000377.mp3","51308","DB9738D6E6E127CB3E429AA62680A794725FE034D33FECE6E98F455F6BFAD842","PASS"
"000378","000378.mp3","38060","11696044134123629DAFABDE0DE9CAE0E577AE2828A4C9178C4114475732ACDC","PASS"
"000379","000379.mp3","48428","4E99EBFA522C814841CEF6CB748313F82002B866B6ED400045260CD3B7EB0025","PASS"
"000380","000380.mp3","28268","BD3F1375768814C6C345C9900511E6284C0325C878C751D2EBF84712B776769D","PASS"
"000381","000381.mp3","29996","198A8096FD9EBEA1854041B479A9D2E5A55CDEC8CD5A8A9698FF194220C34443","PASS"
"000382","000382.mp3","36332","9B1F9BE55B16BC04AE84C5CF9C267E9FC3E3850FDE388ADF10A0A8FA8558EDC5","PASS"
"000383","000383.mp3","25388","E04C4B989FDA3FBE18991759373C9C5C1B67417CC329EE121C81CF36BB693439","PASS"
"000384","000384.mp3","28844","590BD5E942FB42F36BA7A901B11C14C14F2C015A515C6837772CB8D482B13B14","PASS"
"000385","000385.mp3","27692","03DDCB7ABF094DEF212FB52F3BB2337BD224BFE01276A7114A8C0C94C2146067","PASS"
"000386","000386.mp3","20204","0D33836E00A5D678A1F7C8314F10DAEAD68191E17B0195BECDEDC6942E7CF82B","PASS"
"000387","000387.mp3","25388","824EC571EC0F071C7A7F6343FE8E0776680ED3BE1585D45A3CE13B6AC8652AB6","PASS"
"000388","000388.mp3","35756","DF658E088EEF19E8A79826903DABD710010A9C3DADD31E43F4F3B2BFFECC6C5F","PASS"
"000389","000389.mp3","31724","7FB46E8A74F54586F6CF5CD802BB0ACA7CFE0C5DADB6B59FCE009B6B2AB85D05","PASS"
"000390","000390.mp3","27692","BDA4E561E100B91BA833ABFDA62236245D81A0F84E831AD585311E021CCC538B","PASS"
"000391","000391.mp3","31148","AA4FED3645AFCCC92EE9261DB4B965FF1285BBCCA4B77299ABA137EC02CED9E4","PASS"
"000392","000392.mp3","25964","33ADB938BE564FD26324F17F2B871E427CD6C244ECAAD9FB425CEB5B8104537C","PASS"
"000393","000393.mp3","30572","55831970A46604AC0013382269CBDFCC11777A40909F67D8EE1AED75FEA61AA8","PASS"
"000394","000394.mp3","28268","C7D87325192021405973B9EC9CEAE0637B0C4F0C95EA24A630A9C412F25245EB","PASS"
"000395","000395.mp3","31148","CA5795F2EFB6544AA516D086ED5FE3EFFA6CCE50D938777AD1ACF6420B59D580","PASS"
"000396","000396.mp3","30572","B0D401DAD1BA31E51705700FAF938C22C535C662034B6BFB407E5A5F93E59D1C","PASS"
"000397","000397.mp3","25388","AD109B319D5FF913A5C0A78400487D54A2FC46030691ABCB06068A194970B950","PASS"
"000398","000398.mp3","31148","795BFC4F02464B243BF5F8565F5023935A389C040563207498306DEFC6CE315C","PASS"
"000399","000399.mp3","31724","BB1521CDFC3A11FD671640990FF30760039D9255590B8DE20E081D16E3A97F50","PASS"
"000400","000400.mp3","26540","9FAAA8895564938004E0BC87459E18B5A8009ECFB248BEFEFA19D294A704A273","PASS"
"000401","000401.mp3","27692","72706D14F32056EFD2FCAE1ECE3156C3426937B96F71B0CBF1116ED6927D6981","PASS"
"000402","000402.mp3","33452","32FFCCF0AF911CA00882B9FE70B4AA5E6167DFBB04849AC80C91E30914A41A32","PASS"
"000403","000403.mp3","28268","4217C5183C3D641191C93806D47749E3AB7848C07ED432FD042616F467A1C34B","PASS"
"000404","000404.mp3","27692","876AC09C573DF16892BCA6A22579715571BD654653DC8FB50234A33AC49ACD9F","PASS"
"000405","000405.mp3","31148","EA64104B49097CE7BEE674B50EA2CCBBFF22FB121BD1F441D2065802DB6A11F7","PASS"
"000406","000406.mp3","32300","2220CE2668A5B14AB20CE916B949A69FF2CEF9D1A1BF6585C487EDD81B88992D","PASS"
"000407","000407.mp3","36332","A24B59088FEB080A45149C1B9F3FEF156DF9607E2801F23B34D4ADF653465902","PASS"
"000408","000408.mp3","34604","DD918B226EBF3CAB16FE56E4BABA05E58DD819FB6BB0CD00DDB3C09B533C9481","PASS"
"000409","000409.mp3","43820","05F7C705DAAF30F860CA1DFFA62599CB09D0544571E120A83080619418FA8C6E","PASS"
"000410","000410.mp3","28844","D12D51F28274FEADF0C968B6556CBD8437AD1A72DEFBDAB4F854AC24627C12BE","PASS"
"000411","000411.mp3","40940","A700C85AB4639A58765547ADE3A3C8BB6CFEA5D397A8530FC8B14410647A71FA","PASS"
"000412","000412.mp3","47276","ED6E4F74110E673CB3E6CC52E7324238BE0C5AE0BA814AF9A682FBDFED8D2A6C","PASS"
"000413","000413.mp3","42668","E587FABE6B3B828BDFC2F1B5F420E9C9B71882581CA4BB7DBC7DAB28B3628AB1","PASS"
"000414","000414.mp3","42668","B805EB8FF19CA1ADF7E4128B3C03AE49BB2D0D1088A9B0D6EC3B48C1740E5359","PASS"
"000415","000415.mp3","39788","36C6EAEE1DABB0D64DD292BC6034AB8C560E438124B6C908268317DDA2FD07F9","PASS"
"000416","000416.mp3","38060","99D87D6EFEB6F30EDCCDC625AA12824F96A1E646C8A9EA4C700887DFD527529B","PASS"
"000417","000417.mp3","45548","E097C5FA3FEC80A46E1E12C46082F397716EC4A242EBECFF443B07468A4CB2C1","PASS"
"000418","000418.mp3","27692","B961059098394B30B36E432805D40DCE6353C62FBFEF03243626335A454AF036","PASS"
"000419","000419.mp3","28268","4725FF3C7BB7FFD9A2F27DF13992AE730031EDD50DEFC68E934567CA5D50AAE8","PASS"
"000420","000420.mp3","50156","7D06B507C2282F3E1BCF6DB5BB398A82935A42BC008A66C2F2B3C87EC11073DF","PASS"
"000421","000421.mp3","45548","CDF85269EC18FB2FDE9AD84A618529D78DCCBAC547EB1BCB829B678FB56CA7AE","PASS"
"000422","000422.mp3","36332","C08765C292A2726C983825159666AF7E89069CE2631EA622211366830D672F13","PASS"
"000423","000423.mp3","29996","3AEE3EAC5BD9EED14E70EC8B7AB386A656F6F7118BD9FCF207CC02AC045A0277","PASS"
"000424","000424.mp3","32876","4CD6E569D0CB04773614A43E41D0B366CD2782F2ABF1C036BD84CB49F8DD83E6","PASS"
"000425","000425.mp3","35756","6618B505A473E402656F0CFA5A88C9674F51F46D09A1BF9BA686D320C48E0482","PASS"
"000426","000426.mp3","34604","980D5BCE098622CD434006066CBE58F8007DFD6709F078E5F767FD4B4D8C0689","PASS"
"000427","000427.mp3","33452","76D5B544966738D1ACC45294045EFEF8399A771B45F93AF89F6E23AC16B19A98","PASS"
"000428","000428.mp3","24812","32035E254240FD28CB862305601A70C12B7828841B6576DE0AB80144C94EE245","PASS"
"000429","000429.mp3","40940","1EEFD91B1C92657045D4BBE40ABFF75FA184B071558124298962F33840B820FA","PASS"
"000430","000430.mp3","37484","E48A8AD500D9F6E6BC7D55E708B38CC9DA30D6DDE044B841701EE49F7C0BA0CD","PASS"
"000431","000431.mp3","36908","EC6B053401591E3055FE02EC59CADAAB4588510C7A9B41D6A691AF670DF87A49","PASS"
"000432","000432.mp3","40364","441D166F1CA24771CED3B4E85EBF5819D3F499A0E9FB01F117795B6777429A7A","PASS"
"000433","000433.mp3","41516","47AD9DF98AC21DAA9ED30C861290D52945B8452648704B2568C9C84DCF61C823","PASS"
"000434","000434.mp3","49580","442C5F182988F350C2EA507FCFF04F71BF67AB7C09F52CF4F4FFBBA1841B35D7","PASS"
"000435","000435.mp3","34604","ECB03BDDD3B9A6BEFF088FD45A5E54C6D8CE7ADC8F7D039E724D1F6FF002A9B5","PASS"
"000436","000436.mp3","28844","3338B875F3CAACF44D2F317EC783A9EDFA6B91B625D3F1AE2C943DAD620D5810","PASS"
"000437","000437.mp3","32876","770158655336136B6637A031D1F3E82A1C7B2E7EA5FD09D680D6359C9A894E46","PASS"
"000438","000438.mp3","38060","F4FE95840A728EAAF4ED18F71AC71127B1E187A696B06CD2BAA31CEFD4C6B89C","PASS"
"000439","000439.mp3","45548","0E34F87BE7462A87388984A37AB739BE8173DB38600BA179042ACD4FC2488B50","PASS"
"000440","000440.mp3","43244","B6D4111F92E974FEFE48E4ABD5203B80641E65C233FE705373256A0CD9AACACA","PASS"
"000441","000441.mp3","33452","9560A930C4CC467A04D18A0C547175C1AB290778ED40570240A85A50BA427EC5","PASS"
"000442","000442.mp3","29996","5CF1D3244D26A87264602B16ACC02AA6360780218300E72A417693B95C138156","PASS"
"000443","000443.mp3","24236","1AEA4C17E1F36989FD0EF528CFD83AEF63B3E744A8B83D5E528EDDBFB03EFBA9","PASS"
"000444","000444.mp3","36332","F998C9F593D5449277F5CA683FB8F0E0D7B3F77F1B1393A12AB94D706CEFA42D","PASS"
"000445","000445.mp3","25388","31F3146685AC3702C715ADCC2B4A7069CC37534D089571082751C378603EE6B0","PASS"
"000446","000446.mp3","28268","C995DAED4F95BD76CDBC3A294D1765880910D3381A1179513C58E5FAD933730A","PASS"
"000447","000447.mp3","37484","50A2AA2D476E6577B6537EC5A0DF415FD70EBE309815CB18E74E4174B29DB2CA","PASS"
"000448","000448.mp3","31724","44459A1E87DD36BB5589B90B8BCA9C062FF35788EE8DEE3540AE9EEB171E521D","PASS"
"000449","000449.mp3","30572","A4258034B7AB332F9E61FE6B222582A3F813503E904377BAC3A71CAA65825B42","PASS"
"000450","000450.mp3","28844","71E47EE8FC2DBC106D94654DF9E907DB48C8951611E153C77C516EDB2F12C621","PASS"
"000451","000451.mp3","32300","3FC553D97EF89FA07E5A01B98E10C10BC0467078BC789AE4619C7D84FE1E55FF","PASS"
"000452","000452.mp3","28268","0329AE1767F94DD63F7FFEFD27753F58F7B291607219E3E04A38343E18AE63CB","PASS"
"000453","000453.mp3","31724","B85B67DE92E3C6100CA296FA1928716EC290D4823EC2CC9DD1D7E69394F2927F","PASS"
"000454","000454.mp3","25964","3BACEDEC4E907377D0398D2439108A0446EDFD24C107B8B44B66A18882F10916","PASS"
"000455","000455.mp3","32300","A436672BED096B7427FB09062067EE38AF8E4EFC91E5A5D0D8310A69D863A3A9","PASS"
"000456","000456.mp3","26540","67D9DA9C1A44A31AF3A48F88CC6D7A9C85FF9202713E6194017BE02FCB3EA66B","PASS"
"000457","000457.mp3","25388","0C47E93299306746D09D16906C869D94233FD13BA224764E289A4BB217731B19","PASS"
"000458","000458.mp3","32876","B74F9EA52607CF8BEA60A3498FE8183ACC3CCC145184A482E9175630A944AE76","PASS"
"000459","000459.mp3","49004","58EA38C356DFE09D8207BE729C5B754941926E15EC34FCB0E96A3F07A00A9C74","PASS"
"000460","000460.mp3","32300","1F38D5B7D244EFD66800335BB6D5936F4278128A9B8C668D5A6458541E3CF17F","PASS"
"000461","000461.mp3","29420","9214A899F4A629AFE2CC8DD9C0031D1187759A0F00AE675CBA3F43B18464E3E9","PASS"
"000462","000462.mp3","31148","436BCC38762E77799B5D56CBAA56F215B49BCBE8800567FE7DA680FCC1A563AC","PASS"
"000463","000463.mp3","38060","BE7A906BFE07F34AFD4069B75D72C0766AB8903EE6D9630F72B5FDD4E7CCE0E1","PASS"
"000464","000464.mp3","42092","CD1B67C43EDD6AEC07BE735AA005C326228D6A3FA9AD5213CD80CF626AD59148","PASS"
"000465","000465.mp3","33452","71B86550567088D4249384FB71DA4C6D296783F2A3F6A6A4E70565B7A5B19F4C","PASS"
"000466","000466.mp3","39788","2C459523F646E6CDFF297781B1CAF35ECBFCF10491512887F5949486905680A8","PASS"
"000467","000467.mp3","46124","1037E7DDDB6B178B71719E56C2EDE585DCD7B5982378F9D76B654C7C9E0402BF","PASS"
"000468","000468.mp3","68012","992D8D47EDADD794DE7A0D170680BD4C2900C4380E36F896EA34BC862A192F11","PASS"
"000469","000469.mp3","40364","B6558BA197888FAFC18D5BE43B6BBF99A34DF9CFF5FD9008DF2D5FAA3C5F8D74","PASS"
"000470","000470.mp3","29420","C710D8081DCF7DE28D76124CCD31E6CFCEDD126EEBF9876E52F4C1F99907F660","PASS"
"000471","000471.mp3","34028","C8A0E64B23CE16430A16A2A697FBF3C64A5A302017D951789DAD19D21BC236B9","PASS"
"000472","000472.mp3","32300","00D00B531F932F91253A4E70CD79723DAF2D25EA824E7F7CC0AA745373B5A7C0","PASS"
"000473","000473.mp3","35756","F8693BD103C855C01D91B3F7B7CFB1FB6308917C955923BB7C47813F26867ED1","PASS"
"000474","000474.mp3","35180","40B08834D1347A2EE44C357E84E1DD6478F3E869A2DB0EB9F2C5CD53559C3903","PASS"
"000475","000475.mp3","35756","50150AF45DE897A4C97C6B08A97537475E852093E61E9BB214A057A60CF105F8","PASS"
"000476","000476.mp3","39788","A2F4B147D234873105E7341301AEAA73151C8FF2E5899047E521F23DF32AE807","PASS"
"000477","000477.mp3","43820","0503025B93DD99FF6E908695922113812CF35437ED5076A23038D9C0FF818E9B","PASS"
"000478","000478.mp3","38636","3682742173D39C93D6F42EA2B8984473A1818D6F40599D4AF246AA5C5A6CECD8","PASS"
"000479","000479.mp3","47852","82EB7BFE74277933EBEC915587ACA06D995F9B5A770B213F81627FCFEB635E40","PASS"
"000480","000480.mp3","57644","958C630FD83E2CA8836FA3052A8A9B12FEA1486A4D92F8EEB5CB9AE0E3D9D0FD","PASS"
"000481","000481.mp3","38636","D3A324E0060C7F4CA4A6A510DBBB85CFBF4CA2466DB75D464E402532F9F08631","PASS"
"000482","000482.mp3","32876","ECFEBF23E5C1DAC2CDCC2A98450C2FB62A0FB1440DFE7E1F4A839FA0851F2C50","PASS"
"000483","000483.mp3","39788","3A5D2C191DAFDA69F033AFCB0C8A3F1903AC3280BECE6B7E91131F136A905316","PASS"
"000484","000484.mp3","49580","05E56572046A291E5B31FC37A69F3980DF9C898B0FC2400C0FEA005616E7FEE8","PASS"
"000485","000485.mp3","44396","1AA29D3A2DC94D6D33B7E1F87DF3B44735604F2E9B571CF2CCEA4B4971CF492E","PASS"
"000486","000486.mp3","31724","09EB51B5074937477AE88D5E64FF6648CD0264C62C96472EFA6C065D1E7EF40A","PASS"
"000487","000487.mp3","44972","4403618750FA4C6037B8691C517E36D2904BB50A77F54FCBFF487D314CA97123","PASS"
"000488","000488.mp3","30572","A5260836707DEC7AB0BDB66EE23424008EC2A51F2E367B050DF1D5CDD78F2774","PASS"
"000489","000489.mp3","39788","5F5223F45C30099FF21A58AA9A437B93E96B62B93C98EC73085595B0A87A0836","PASS"
"000490","000490.mp3","52460","37A4232385D7AD27BB4A32B5C734A0F3ECFCEB6FA650F93B4BA5CF5E2EE298C9","PASS"
"000491","000491.mp3","35756","50E3AD7B86AFD27B13B2695BF487A7044007ED0410E9E0718B8E0D9769E0B7AB","PASS"
"000492","000492.mp3","39788","023E3F3CCD30A214BD65E332D92FE968297D006E15C4E146592CF75E1D7EA0A4","PASS"
"000493","000493.mp3","41516","5DA41947B0BE50E24B0842A9DC7A7640BC29105C325CB4FD6F56906084FF020C","PASS"
"000494","000494.mp3","31724","515D36898BD3E7F07A6DFE605E556EA41427066321564E9EE8ADB424CBEDDFCD","PASS"
"000495","000495.mp3","32876","73E5B9561478B51424DC1CDB13439368A173E97C554EE2A3F71C2A4F9F601AC0","PASS"
"000496","000496.mp3","37484","498902166DBF21096002E58BC93D4B481566496C0586A8EB737590AC6AD98418","PASS"
"000497","000497.mp3","31148","F8C60EB408A519ACFF62FF093272605BA3BF49B079CB4F59398A5CD2F7024593","PASS"
"000498","000498.mp3","33452","D28AC10235A1E617684C1E2C0523C4DB7C2391180CE10A5201D84419DD54F588","PASS"
"000499","000499.mp3","47276","C9130519FF1E5B014ED09D10030B1B9C1C0FDBE093A16847AB437216D4DA82EF","PASS"
"000500","000500.mp3","43820","E0D0C948A0BF66C800394D9E726B14A8DCF396AA9E0CEE62DE360A06DB7E7C32","PASS"
"000501","000501.mp3","40364","D6CBB7FE654BAB905A4F5AE27E8C799482B1C86CE0ED5A6EDABC276AD30A49F2","PASS"
"000502","000502.mp3","35180","E9320FD7206CD89C471BBF9BB8F09A800A21BD4B849BEA5FEB1550BB1B8B6F52","PASS"
"000503","000503.mp3","43820","9E8B18AC566D6A6FEE59CF7D75458E308A8BE013C7E233B025DD529B6DF2E51C","PASS"
"000504","000504.mp3","36908","3D5844BB6BFA770AEBFFBBDF08BAEFCD2297B78AA46B90F162B62BEB39BEDE41","PASS"
"000505","000505.mp3","35180","7D75E8B4F3E30F713EEE89D75AC8EFEE52CE46D41C0F9AEDEE31BADF6A1B3AE2","PASS"
"000506","000506.mp3","31148","E6BD7DD43DA2C4C13625E10BB390A68778987933BCCBAECD2DF405B71120676E","PASS"
"000507","000507.mp3","39788","898126F643207C20E953ECC147FC88F8E75D39FA636EF6E3B540F85AB2922710","PASS"
"000508","000508.mp3","53612","80AF297C596E3C95BE0FE47A0F472048426A926B5B2CA12C4EC797AF91E3BDDA","PASS"
