"record_id","lexical_id","instance_id","native_language_name","native_language_code","native_word","native_pronunciation","primary_aux_language_name","primary_aux_language_code","primary_translation","source_native_audio","source_filename_valid","expected_native_wav","expected_native_mp3","expected_auxiliary_mp3","batch_id","batch_position","batch_size","drive_provider","drive_root","drive_wav_relative_path","drive_mp3_relative_path","wav_exists","mp3_exists","wav_size_bytes","mp3_size_bytes","wav_sha256","mp3_sha256","expected_sample_rate_hz","expected_bit_depth","expected_channels","missing_resources","filename_valid","drive_validation_status","audio_qc_status","production_status","generated_at"
"000001","PU-000001","SGODA-PUINAVE","Puinave","pu","AMDA","(´amda)","Español","es","Huérfana","PU-000001_pu.mp3","True","PU-000001_pu.wav","PU-000001_pu.mp3","PU-000001_es.mp3;PU-000001_en.mp3;PU-000001_it.mp3;PU-000001_pt.mp3","LOTE-001","1","20","google_drive","G:\Mi unidad\SGODA-PUINAVE\AUDIOS\PRUEBA_20_PALABRAS","WAV\PU-000001_pu.wav","MP3\PU-000001_pu.mp3","True","True","72032","8301","9AA7EE6B28E80507D2109B56C1694786D91766BE5D6CE002148E96E86E2B9871","C9C8112D1CE0597894A0620C5C8FC25EC2DD0C0238CE775BBE6EF6FCED60390C","48000","24","1","","True","PASS","PENDING","EXPORTED","2026-08-16T10:38:56-05:00"
"000002","PU-000002","SGODA-PUINAVE","Puinave","pu","AMJURE","(´amjure)","Español","es","Abejar, enjambre","PU-000002_pu.mp3","True","PU-000002_pu.wav","PU-000002_pu.mp3","PU-000002_es.mp3;PU-000002_en.mp3;PU-000002_it.mp3;PU-000002_pt.mp3","LOTE-001","2","20","google_drive","G:\Mi unidad\SGODA-PUINAVE\AUDIOS\PRUEBA_20_PALABRAS","WAV\PU-000002_pu.wav","MP3\PU-000002_pu.mp3","True","True","100454","10413","BF07AB0FC7B2CBDF1DA720A9E453619801BAA9B847F224A0A3EA3631BE822BAF","E2DCC22158D587863793C82747EC19DF1AF357BA06EE01C4D1104E422BA748FC","48000","24","1","","True","PASS","PENDING","EXPORTED","2026-08-16T10:38:56-05:00"
"000003","PU-000003","SGODA-PUINAVE","Puinave","pu","AMPOG","(ampoc)","Español","es","Miel de abeja","PU-000003_pu.mp3","True","PU-000003_pu.wav","PU-000003_pu.mp3","PU-000003_es.mp3;PU-000003_en.mp3;PU-000003_it.mp3;PU-000003_pt.mp3","LOTE-001","3","20","google_drive","G:\Mi unidad\SGODA-PUINAVE\AUDIOS\PRUEBA_20_PALABRAS","WAV\PU-000003_pu.wav","MP3\PU-000003_pu.mp3","True","True","67018","7390","8ACA07CF15553705AC8427648A178BC957114DAD0A3DA28786958FBD2ACC1128","70100CCF2404061B4AE3637F57771153DEB288D0B3C66236370F8D17883DB4FD","48000","24","1","","True","PASS","PENDING","EXPORTED","2026-08-16T10:38:56-05:00"
"000004","PU-000004","SGODA-PUINAVE","Puinave","pu","ANA","(ána)","Español","es","Abuela","PU-000004_pu.mp3","True","PU-000004_pu.wav","PU-000004_pu.mp3","PU-000004_es.mp3;PU-000004_en.mp3;PU-000004_it.mp3;PU-000004_pt.mp3","LOTE-001","4","20","google_drive","G:\Mi unidad\SGODA-PUINAVE\AUDIOS\PRUEBA_20_PALABRAS","WAV\PU-000004_pu.wav","MP3\PU-000004_pu.mp3","True","True","83734","10653","EB98087A6B8E62CBD31DCF911B44143D535C995D7AD798DB6B4DB19736A42B7F","E7C074A5F5C7D49C02804F1BC923AE62F2EADDAD0B4C41D2203B5F554D6C37FC","48000","24","1","","True","PASS","PENDING","EXPORTED","2026-08-16T10:38:56-05:00"
"000005","PU-000005","SGODA-PUINAVE","Puinave","pu","ANDAM","(andam)","Español","es","Casabe recien hecho","PU-000005_pu.mp3","True","PU-000005_pu.wav","PU-000005_pu.mp3","PU-000005_es.mp3;PU-000005_en.mp3;PU-000005_it.mp3;PU-000005_pt.mp3","LOTE-001","5","20","google_drive","G:\Mi unidad\SGODA-PUINAVE\AUDIOS\PRUEBA_20_PALABRAS","WAV\PU-000005_pu.wav","MP3\PU-000005_pu.mp3","True","True","75376","9262","3A118A8590AC60FF90938C6EC89C2EF8474C7894E344C994D4CDF03BD20F5D72","7F7538062CFD09DF07EBF6610F7047DDBBD141266C9075C6BF22CAB036D1D3D7","48000","24","1","","True","PASS","PENDING","EXPORTED","2026-08-16T10:38:56-05:00"
"000006","PU-000006","SGODA-PUINAVE","Puinave","pu","ANSIJUM","(ansijú)","Español","es","Casabe mojoso","PU-000006_pu.mp3","True","PU-000006_pu.wav","PU-000006_pu.mp3","PU-000006_es.mp3;PU-000006_en.mp3;PU-000006_it.mp3;PU-000006_pt.mp3","LOTE-001","6","20","google_drive","G:\Mi unidad\SGODA-PUINAVE\AUDIOS\PRUEBA_20_PALABRAS","WAV\PU-000006_pu.wav","MP3\PU-000006_pu.mp3","True","True","100450","10701","871ABE3E6216D718067D8C27861E47C483DE1303CCA5A3F6B296E3F44056D524","5DB0707EDBE6FAF9000097B497FAFA415574C54A557C79D227B1CEE776A89622","48000","24","1","","True","PASS","PENDING","EXPORTED","2026-08-16T10:38:56-05:00"
"000007","PU-000007","SGODA-PUINAVE","Puinave","pu","ASI","(asi)","Español","es","Voy a","PU-000007_pu.mp3","True","PU-000007_pu.wav","PU-000007_pu.mp3","PU-000007_es.mp3;PU-000007_en.mp3;PU-000007_it.mp3;PU-000007_pt.mp3","LOTE-001","7","20","google_drive","G:\Mi unidad\SGODA-PUINAVE\AUDIOS\PRUEBA_20_PALABRAS","WAV\PU-000007_pu.wav","MP3\PU-000007_pu.mp3","True","True","93764","9789","0EB0E63DD037F7149C17434CDA7B7106D94F82CF687A8DF1684A01654602DB0E","7B28C7AAAA49FD811A2AA92B1442C37DD25AF208B6F54D293563BE8D0C31707D","48000","24","1","","True","PASS","PENDING","EXPORTED","2026-08-16T10:38:56-05:00"
"000008","PU-000008","SGODA-PUINAVE","Puinave","pu","ASINUG","(asinúc)","Español","es","Voy a ir","PU-000008_pu.mp3","True","PU-000008_pu.wav","PU-000008_pu.mp3","PU-000008_es.mp3;PU-000008_en.mp3;PU-000008_it.mp3;PU-000008_pt.mp3","LOTE-001","8","20","google_drive","G:\Mi unidad\SGODA-PUINAVE\AUDIOS\PRUEBA_20_PALABRAS","WAV\PU-000008_pu.wav","MP3\PU-000008_pu.mp3","True","True","97110","10750","9391659D3842B4C372C8CC1B6454C8738F9162D01CD3E45A6E231CCF51160F93","AFAE3D68F0BFD1F4642132867FFC6A122BBECB48E03D0BAE30CE8261D94E4A30","48000","24","1","","True","PASS","PENDING","EXPORTED","2026-08-16T10:38:56-05:00"
"000009","PU-000009","SGODA-PUINAVE","Puinave","pu","ASIBOG","(asibog)","Español","es","Voy a caminar","PU-000009_pu.mp3","True","PU-000009_pu.wav","PU-000009_pu.mp3","PU-000009_es.mp3;PU-000009_en.mp3;PU-000009_it.mp3;PU-000009_pt.mp3","LOTE-001","9","20","google_drive","G:\Mi unidad\SGODA-PUINAVE\AUDIOS\PRUEBA_20_PALABRAS","WAV\PU-000009_pu.wav","MP3\PU-000009_pu.mp3","True","True","97108","11157","52715816EA2FADEC68BBB025C21BFDF9397ED8CF123E3E698BCE2AD95D296085","C68BEBE93F64580AE1774625197DA5937321467AE784BF29F380B1D0615F010A","48000","24","1","","True","PASS","PENDING","EXPORTED","2026-08-16T10:38:56-05:00"
"000010","PU-000010","SGODA-PUINAVE","Puinave","pu","ASIQUIG","(asiquig)","Español","es","Voy a llorar","PU-000010_pu.mp3","True","PU-000010_pu.wav","PU-000010_pu.mp3","PU-000010_es.mp3;PU-000010_en.mp3;PU-000010_it.mp3;PU-000010_pt.mp3","LOTE-001","10","20","google_drive","G:\Mi unidad\SGODA-PUINAVE\AUDIOS\PRUEBA_20_PALABRAS","WAV\PU-000010_pu.wav","MP3\PU-000010_pu.mp3","True","True","100454","11470","A0F9180F77631A4764817D4AFA829990F2A94A32F792FEA05161B2B65C04D7D3","1F255D8E89640D479DBC90A3E737811EF9C775E32577FB226EE131E3A43A0546","48000","24","1","","True","PASS","PENDING","EXPORTED","2026-08-16T10:38:56-05:00"
"000011","PU-000011","SGODA-PUINAVE","Puinave","pu","ASURINA","(asurína)","Español","es","Gasolina","PU-000011_pu.mp3","True","PU-000011_pu.wav","PU-000011_pu.mp3","PU-000011_es.mp3;PU-000011_en.mp3;PU-000011_it.mp3;PU-000011_pt.mp3","LOTE-001","11","20","google_drive","G:\Mi unidad\SGODA-PUINAVE\AUDIOS\PRUEBA_20_PALABRAS","WAV\PU-000011_pu.wav","MP3\PU-000011_pu.mp3","True","True","113834","12288","8EAF983A1CF438A09A96E18F25C91EB3D6DDDA6E1E855FFA52783884C5F75CB1","2E823ABF85AAA25BCA4DDF394AFFA2D36EA85FE471F61D9036AB0649B37AE1B2","48000","24","1","","True","PASS","PENDING","EXPORTED","2026-08-16T10:38:56-05:00"
"000012","PU-000012","SGODA-PUINAVE","Puinave","pu","AT","(át)","Español","es","Me","PU-000012_pu.mp3","True","PU-000012_pu.wav","PU-000012_pu.mp3","PU-000012_es.mp3;PU-000012_en.mp3;PU-000012_it.mp3;PU-000012_pt.mp3","LOTE-001","12","20","google_drive","G:\Mi unidad\SGODA-PUINAVE\AUDIOS\PRUEBA_20_PALABRAS","WAV\PU-000012_pu.wav","MP3\PU-000012_pu.mp3","True","True","50300","7487","E708A491C4DBA4F8240193C354870B1D0670C3B9B7586459F083549CC6BB1D67","71FA2A0904A53BA617B54224975854F600315E95E42BA596E02C1616817284B6","48000","24","1","","True","PASS","PENDING","EXPORTED","2026-08-16T10:38:56-05:00"
"000013","PU-000013","SGODA-PUINAVE","Puinave","pu","ATCUI","(atcuí)","Español","es","Me mandan","PU-000013_pu.mp3","True","PU-000013_pu.wav","PU-000013_pu.mp3","PU-000013_es.mp3;PU-000013_en.mp3;PU-000013_it.mp3;PU-000013_pt.mp3","LOTE-001","13","20","google_drive","G:\Mi unidad\SGODA-PUINAVE\AUDIOS\PRUEBA_20_PALABRAS","WAV\PU-000013_pu.wav","MP3\PU-000013_pu.mp3","True","True","97112","10007","E2C67BC347DC2ACB2321C5F136EB8859783BCB655BC547A6D450965FDFE7339E","BF6FA7803371DB787387114A6183F365361BC212F61A1E7A752201B02DB19E41","48000","24","1","","True","PASS","PENDING","EXPORTED","2026-08-16T10:38:56-05:00"
"000014","PU-000014","SGODA-PUINAVE","Puinave","pu","AUÑUN","(auñún)","Español","es","Avión","PU-000014_pu.mp3","True","PU-000014_pu.wav","PU-000014_pu.mp3","PU-000014_es.mp3;PU-000014_en.mp3;PU-000014_it.mp3;PU-000014_pt.mp3","LOTE-001","14","20","google_drive","G:\Mi unidad\SGODA-PUINAVE\AUDIOS\PRUEBA_20_PALABRAS","WAV\PU-000014_pu.wav","MP3\PU-000014_pu.mp3","True","True","95438","9215","63E2BD287982926667218A4BE5046CF1FE9F4ACFD8A7014771231A7C98EC5F2B","7644470459D42C1E0033BCB552FBAFDA946FFD12D5EF7068E12B9258AF294DA3","48000","24","1","","True","PASS","PENDING","EXPORTED","2026-08-16T10:38:56-05:00"
"000015","PU-000015","SGODA-PUINAVE","Puinave","pu","AYAYA","(allallá)","Español","es","Pato colorado","PU-000015_pu.mp3","True","PU-000015_pu.wav","PU-000015_pu.mp3","PU-000015_es.mp3;PU-000015_en.mp3;PU-000015_it.mp3;PU-000015_pt.mp3","LOTE-001","15","20","google_drive","G:\Mi unidad\SGODA-PUINAVE\AUDIOS\PRUEBA_20_PALABRAS","WAV\PU-000015_pu.wav","MP3\PU-000015_pu.mp3","True","True","87084","10655","EB9FB8D785590EB6E2BC131E6E8289CDB50E446B9313A9CC7B836F18E4C993FA","36C2A40D0D7A5BE2674CF7F3BC74B6CE78F82A519C871C376A7E5465AACB30DF","48000","24","1","","True","PASS","PENDING","EXPORTED","2026-08-16T10:38:56-05:00"
"000016","PU-000016","SGODA-PUINAVE","Puinave","pu","AU","(´au)","Español","es","Bachaco","PU-000016_pu.mp3","True","PU-000016_pu.wav","PU-000016_pu.mp3","PU-000016_es.mp3;PU-000016_en.mp3;PU-000016_it.mp3;PU-000016_pt.mp3","LOTE-001","16","20","google_drive","G:\Mi unidad\SGODA-PUINAVE\AUDIOS\PRUEBA_20_PALABRAS","WAV\PU-000016_pu.wav","MP3\PU-000016_pu.mp3","True","True","46958","5207","DCB4B8A5B5DCD48C2E124A56C73C003B02BD2CF6D8F7441ACF8DA69BC7AEDB1D","E04C32F6069D57AAD124C2FB2A19663AE378AD76BC1016362CB084319AE0B988","48000","24","1","","True","PASS","PENDING","EXPORTED","2026-08-16T10:38:56-05:00"
"000017","PU-000017","SGODA-PUINAVE","Puinave","pu","AU","(áu)","Español","es","Cantar","PU-000017_pu.mp3","True","PU-000017_pu.wav","PU-000017_pu.mp3","PU-000017_es.mp3;PU-000017_en.mp3;PU-000017_it.mp3;PU-000017_pt.mp3","LOTE-001","17","20","google_drive","G:\Mi unidad\SGODA-PUINAVE\AUDIOS\PRUEBA_20_PALABRAS","WAV\PU-000017_pu.wav","MP3\PU-000017_pu.mp3","True","True","53648","7056","E71C22071F4B34F116A0BAEAF38E83BA722487FFB998B1DF1C5AF06E4C15A604","4E1C9F631BB712DDA273280F2F296C020C543E4D4998742EE3863F0DFA82AF59","48000","24","1","","True","PASS","PENDING","EXPORTED","2026-08-16T10:38:56-05:00"
"000018","PU-000018","SGODA-PUINAVE","Puinave","pu","ÃG","(ãc)","Español","es","Verde","PU-000018_pu.mp3","True","PU-000018_pu.wav","PU-000018_pu.mp3","PU-000018_es.mp3;PU-000018_en.mp3;PU-000018_it.mp3;PU-000018_pt.mp3","LOTE-001","18","20","google_drive","G:\Mi unidad\SGODA-PUINAVE\AUDIOS\PRUEBA_20_PALABRAS","WAV\PU-000018_pu.wav","MP3\PU-000018_pu.mp3","True","True","65348","8927","77F71E38D60CC29CF9F79BF7BA4F23769B91CD92646A5383A3C2A060E043D9AB","C792BBF9262CD4272A7DAD890F0C5F34683E4A70122251D0CB9D6F2A26577304","48000","24","1","","True","PASS","PENDING","EXPORTED","2026-08-16T10:38:56-05:00"
"000019","PU-000019","SGODA-PUINAVE","Puinave","pu","IÃG","(i ãc)","Español","es","Color verde","PU-000019_pu.mp3","True","PU-000019_pu.wav","PU-000019_pu.mp3","PU-000019_es.mp3;PU-000019_en.mp3;PU-000019_it.mp3;PU-000019_pt.mp3","LOTE-001","19","20","google_drive","G:\Mi unidad\SGODA-PUINAVE\AUDIOS\PRUEBA_20_PALABRAS","WAV\PU-000019_pu.wav","MP3\PU-000019_pu.mp3","True","True","78724","10032","570C13457092897FC6189473FE65C57EE22D9092F40DF709E5526DD8E22469C8","15FB47749CF70E34C7F43665D908E631774978B3A45DB82FAB87AE63891BDD85","48000","24","1","","True","PASS","PENDING","EXPORTED","2026-08-16T10:38:56-05:00"
"000020","PU-000020","SGODA-PUINAVE","Puinave","pu","ÃCARIG","(ãkaríc)","Español","es","Morado para persona, animal o cosa","PU-000020_pu.mp3","True","PU-000020_pu.wav","PU-000020_pu.mp3","PU-000020_es.mp3;PU-000020_en.mp3;PU-000020_it.mp3;PU-000020_pt.mp3","LOTE-001","20","20","google_drive","G:\Mi unidad\SGODA-PUINAVE\AUDIOS\PRUEBA_20_PALABRAS","WAV\PU-000020_pu.wav","MP3\PU-000020_pu.mp3","True","True","87082","9936","47F38DE2A3FD576392B970705193F8E73130F352D09A084C87A64EE69CC5A66B","3B6FFD61F03D6E975955B5095920D701C13BCEA64A0CD1700C983E098EE37AC3","48000","24","1","","True","PASS","PENDING","EXPORTED","2026-08-16T10:38:56-05:00"
