"File","Path","SHA256"
"Import-SGODAInput.ps1","C:\Users\Lida Silva Acevedo\Documents\SGODA_AudioManager\scripts\Import-SGODAInput.ps1","8D39707E191C9A6FF82EEC49775CD1662173587DA87E3D9520CF435EDE962751"
"Invoke-SGODAAudioManager.ps1","C:\Users\Lida Silva Acevedo\Documents\SGODA_AudioManager\scripts\Invoke-SGODAAudioManager.ps1","CBB9862DBFF8B94D16AB3FC5896ABAD24BBD69B9C84D32A8D973E1B0961D264D"
"New-SGODATechnologyMatrix.ps1","C:\Users\Lida Silva Acevedo\Documents\SGODA_AudioManager\scripts\New-SGODATechnologyMatrix.ps1","9530119A04B18CF127CDCFD2E79C0AE4CFBB8F2EC9DBD3778AE8F2D29FF87ED5"
"Test-SGODADriveAudio.ps1","C:\Users\Lida Silva Acevedo\Documents\SGODA_AudioManager\scripts\Test-SGODADriveAudio.ps1","9081F2CDD88E30DE8D3055D7CB96C5A2808CE68FDA72852573BB833A135348A2"
"Test-SGODATechnologyMatrix.ps1","C:\Users\Lida Silva Acevedo\Documents\SGODA_AudioManager\scripts\Test-SGODATechnologyMatrix.ps1","D31E4A40E2A33CA2F65FED776FCFB1ED8F4DCAF677AF4D5FB113EA82E168323B"
"instance.puinave.pilot.json","C:\Users\Lida Silva Acevedo\Documents\SGODA_AudioManager\config\instance.puinave.pilot.json","E9B9E8246677B5BF92A0012071EC1A8BF97661AEF0FDD58892AB9B9EBE90D753"
"entrada_minima_puinave_20.csv","C:\Users\Lida Silva Acevedo\Documents\SGODA_AudioManager\input\entrada_minima_puinave_20.csv","56F2C4EB738380DBC03450C9FE919FA45AA0065100F0CD4D679824F441EB17D2"
"MATRIZ_TECNOLOGICA_SGODA.csv","C:\Users\Lida Silva Acevedo\Documents\SGODA_AudioManager\output\v0.1.0-pilot-20\MATRIZ_TECNOLOGICA_SGODA.csv","42919ED931F2E32CB194CE8298E8FAE0ED05908FC3D717CC5ACC740CBD9A1F3F"
"MATRIZ_TECNOLOGICA_SGODA.json","C:\Users\Lida Silva Acevedo\Documents\SGODA_AudioManager\output\v0.1.0-pilot-20\MATRIZ_TECNOLOGICA_SGODA.json","3345160CF6BA86E839C3AE2F8BA6368A4BC7F77E88DE299DAAD081343B06140A"
