"ID","Archivo","Bytes","SHA256","QGHumano"
"000001","000001.wav","95398","9C445941BEDA8C04C4AEF73C86391F27EB3111ED28E02485404BD5FB0AEAE92A","PASS"
"000002","000002.wav","175644","CA683A00433CD2A9FDA5DEC967CAAFB085C038229D05B085BA046DC3319E9CEE","PASS"
"000003","000003.wav","192364","D797D8C8C22636E86FF4487D4761D1FDEEBAB86D89BB149060CB333CBD2C1F46","PASS"
"000004","000004.wav","194034","12E830380507DA45802DDB13A3369A0DFD1EF1DDDC3B95D7C78A3B4DC165587F","PASS"
"000005","000005.wav","214098","1998F27E4480682FC7F8D90BF7A8EA051E0B4C4A5F6983F6090EC5D27758C882","PASS"
"000006","000006.wav","163942","B53C4BB71D81101F20D06DCF6DDAFB7DAF8C128F2B4CDFA37B6BCE84281006F1","PASS"
"000007","000007.wav","125490","0F3B11041566F0E83D7EED400F72AA108FFAA434459B0D11C0E5272297884979","PASS"
"000008","000008.wav","311064","A47D8362F3829EED070DEE06627F43E9A4D503BEF00FBBBEE7E04E9C919DFDD3","PASS"
"000009","000009.wav","222456","48073C2C8913B94126E05E2D626C3C4E28A2B7B62C3B3075F3328FAEB659C1D0","PASS"
"000010","000010.wav","135522","896142D117731D2411AB195FD6B36CE45A8DC588822274F1DB089A66CCB70774","PASS"
"000011","000011.wav","165616","AB13C8B7ABB4B019BDCB8CD4050287838226609A5AF51E904377E4DC5EF152A0","PASS"
"000012","000012.wav","219114","B6C6F298E6225A2B5F81FA44F741F54A3028012F728C582C22270D615618B9E0","PASS"
"000013","000013.wav","187348","4FCE98C677507607C52A2BC3A4621A36E6120C8B8E564B95F1CFE8B4022918DB","PASS"
"000014","000014.wav","245862","DE6E92A8AE75EE9E5A1921313303F6033A51E6C13556B777CB04B9E2E5811D24","PASS"
"000015","000015.wav","227472","A5B7F9923DFA338EB636C6DAB88BA53E12E984B72F583CD1A6284B5034F29198","PASS"
"000016","000016.wav","138864","D3F59C8D8F27141389F165B787D192160EBFB46967BE8FFE50B617A0674EC76B","PASS"
"000017","000017.wav","217440","F2923B8DB33F25AF91F89C4ABB41CE768A49B155C231B8710763F3EBD1A7F4D5","PASS"
"000018","000018.wav","234160","9DD8B6A62DC5CBEBD283F484A7DE354CCA20CEFF15423ED177F194D9833D4FEF","PASS"
"000019","000019.wav","148896","2AB9246AED823D9D5443BFA811883097AD88833B89C5E494EBD2FF06CAE1F2FD","PASS"
"000020","000020.wav","180660","780FB32618DB198C52772C2D581635AF6BE8EFAAE07AAFC74848D079F1E69C1A","PASS"
"000021","000021.wav","197380","559D37A585BAEA5D72D48CA20F7014427E630A4E73BDEADDA911F240C998216A","PASS"
"000022","000022.wav","132178","1D48ED1EB9EF0B6870C9103C21EB92C1BEE679733832650624B00306411EF554","PASS"
"000023","000023.wav","190692","483C962EC01F0B92235D62A9D0C8F4D1433996C5EE6F903D5812F0AB441FB12E","PASS"
"000024","000024.wav","214098","257433E40319D3C007266DA1544DFD79845C83AE6EF1EFA19C573CFFAF73A5B2","PASS"
"000025","000025.wav","163942","E09151906F1DE288C0A9E9B89FD4FCB89718AAB46B052AFB6517611AD779822C","PASS"
"000026","000026.wav","153912","D845BEA85DE1C0FB5377D1A8B47C6F26EE67FBDE9CC7B96F74AF4A41901AAD95","PASS"
"000027","000027.wav","178990","34C4094D8A651D55DE8F65E117AB8DC03C6E6E694CF6172FCD165FFCF788C6D8","PASS"
"000028","000028.wav","232488","9CC15F3B83FDB785F6F21BA0ADB794B9A10A35B01CE38422684067DA75CE2BD2","PASS"
"000029","000029.wav","247534","90B8C461B3F4B3F6585C45B03897F0D06D60B67B5A0901FF17A2B099AD689CA0","PASS"
"000030","000030.wav","189018","030AD84C03F7763AA849089562E5ED83DF234689DC3E6A49564652308949059A","PASS"
"000031","000031.wav","178990","CD9F29E887073959CFCD7AA7AD8F12597A9B9CF01026C820E66A5274CC548A04","PASS"
"000032","000032.wav","160600","CE08CD4A9FE81AA02C54D872CA71AB078F76406BD3CC1E8579F35CB1C9AF65AE","PASS"
"000033","000033.wav","158926","B34BE0A44DF0EF115C5774D3D586707AC8D19CCE753B9B6443593E7D6356A830","PASS"
"000034","000034.wav","173974","B2CE3AB9DF6E6B7E4676687FA94AB88FD44CEFC46BF90CE117D0974C51D2D371","PASS"
"000035","000035.wav","162270","38AE6BEA5D98474E6AC06D214C4E84DEEEE17205536F88F6BA2F4DA13B0F07F2","PASS"
"000036","000036.wav","269268","66412F15F4655593A75B48B72021E5DCABDCCD4C8E79FCF4BE401A1A1F68D039","PASS"
"000037","000037.wav","260908","D0EEABE429DDD7F16CA7825453E1DD2CA1F7830E1952C3CD1AC615A9F7CD63B6","PASS"
"000038","000038.wav","173974","A18FD26849BDD31EB0348B26065D47C934F20CA03F2E1A05ACB03562106345E4","PASS"
"000039","000039.wav","194034","91B2F593AA56B5DC4E03CA2DB942EF29712FF95D38FCF82D2A5E321377B4F33B","PASS"
"000040","000040.wav","165616","742E9405143098C9A5B6A03839F57CE3830415597C2158D8C5AFE39972E56E8B","PASS"
"000041","000041.wav","158928","341894A36AF0F49635C555C40CC961E1BC0B606A47815157A71A8C6E066714C3","PASS"
"000042","000042.wav","148896","C1669C22E24FAE629E6ACCF8FD8324521DAB23D9DEAE47A1604BA9D307AF1F7B","PASS"
"000043","000043.wav","133848","1E688F0F7B9DC8CD511424CB743D1AB6AC90535E18BB1CD3D2B8E957E5736070","PASS"
"000044","000044.wav","262582","905435D1F2D58EFA2A2D4B4DF805E75F6D7068B175599619522DB68382170114","PASS"
"000045","000045.wav","133848","8CCAAA48C0051A2E404BFFEAC1315C6624E8E7C8CEC52488B1CD09C9493DBDB5","PASS"
"000046","000046.wav","220786","75E21105223A8A03A5779887B049E0ACC4ED1DCC64FF4A18FE638371B9DBAAAB","PASS"
"000047","000047.wav","379608","888FE069F0786EAD9C97AC7B4C5152A10026BE5E99EDD82C0A830669CD63E30C","PASS"
"000048","000048.wav","469888","232E1CA7E717A8F3E3BE0353983FF612E1238D5DAE1111630C3A5EEAC7335E2D","PASS"
"000049","000049.wav","165616","2DD34E1B9ECC5028D3451B76783FB3BA02511A59D19816CC05ADC482B0D83CB6","PASS"
"000050","000050.wav","197380","4EEAB5FCFF631DB0346B820F7F7CCE0D4853546B7179413EEE2B2399FB56243C","PASS"
"000051","000051.wav","185676","941E5104A99F6ED7A3357D78D3E3A47ABE2759AA5ED5F6C6CC2CBF341C7A9368","PASS"
"000052","000052.wav","167286","E69A327D3F27149BE9702A4A1814CB21D8DB875CB0974FC616998D980AB6B025","PASS"
"000053","000053.wav","152238","0612D47204171D0E5A20A9515C6E8A748211466EED60DAA3A0C68A6527FC23A4","PASS"
"000054","000054.wav","173974","EA1065A1EB0FFAC180B54D37FB9B59EB6202D7DE74144D4F006637907DD5B66B","PASS"
"000055","000055.wav","215770","2355215BAA132E0FA50E84548CE4101F6F8431FA50194F03AAF70493D3591D2B","PASS"
"000056","000056.wav","195708","637F811EF46717D716E0D492A3BD197EBBF089ED17AA68B0186C793DAD72A518","PASS"
"000057","000057.wav","197380","1B5776162B9BF8CDB9122FC105F35C2C57BFF5923B6178DA68119A4BA237244D","PASS"
"000058","000058.wav","140536","C4EB597ED8B480AA7C404AF2AD9538B12E6EA7CE25600E7572AF969A4D084909","PASS"
"000059","000059.wav","127162","F855351F86AE87E462308C3145E84D1AD77479BF78D8D397FD261B39D226217F","PASS"
"000060","000060.wav","172302","769E017BBCBF9EED4B004BCD985350ECA5D67328027C595B0E82EF943F83D94A","PASS"
"000061","000061.wav","110442","2AA9AEDE8764FF9996B217D13AB748BE7FA4DB581E02A396AC2E985CD750E588","PASS"
"000062","000062.wav","167286","E2BF05631F5F1736E19965DFC82CF93F5DF49419BCA7F00DE6FE077B66786B6A","PASS"
"000063","000063.wav","150568","7B8D24F90D888D57EE068E90B9C9C793AB0D507DCB06357D508FCB5860BE53BB","PASS"
"000064","000064.wav","205738","DFE2EBA362A02F3AE48D0DCDE08E517842BAF579F767047198F721A1BCD2914B","PASS"
"000065","000065.wav","120474","B6C927F08A8AD6BDA10041A8AA2EFA925AF5A18F1D93118093CA3E6DDD22AEDA","PASS"
"000066","000066.wav","167286","4ACF2E439D57B1D2D3BB4E65B7F0B9E464C0789719386980760D4027D4CF7316","PASS"
"000067","000067.wav","103756","761342B4BD5B620709CB2CF82DAFD8CC335D95E4F8A46DC6CDFEDBC5FE68A213","PASS"
"000068","000068.wav","100414","7D19A1E7A64A33FEE6C1DCF465BF2C5A784680A4FA83F577499FB97BC979A2F4","PASS"
"000069","000069.wav","103756","3491B016338445C0237285DBEFADA76327560C09FA27F94153BC03425F855799","PASS"
"000070","000070.wav","98740","43B2EB7133F0DCE3C575DB7453171115134EB8E538AB7AF579A8BC9D699D5286","PASS"
"000071","000071.wav","175644","F423CA5CE6F61278BE8D61A376AEA8ECCA20B4BF15B85619F7BDB48C61F49A3F","PASS"
"000072","000072.wav","157254","7BCD87E1D25BE65A8F051BF408C7D05DD13CBEC78AEC80CBBB9A43F8439177C5","PASS"
"000073","000073.wav","160600","5A427442F36C388AB199D6851273F43BA26AA5D05F4ADD05B79F8946B4B4E740","PASS"
"000074","000074.wav","118804","8A5724E81DDBE509514CFEDFC29B5B146DE029A7ECE0B70DB82EC42DE9C6AF9D","PASS"
"000075","000075.wav","155584","4FDF6F22ED699DAB44F28C05BEAD6AF0C6CB90C304BF03CAF89DB20DE12CFADC","PASS"
"000076","000076.wav","147226","9EC28DD66A9D4948AB9F7E06DE4873260F34B8EDC3F230BDBC0F453472205873","PASS"
"000077","000077.wav","78678","C2C16AF9E7A80A79900B89919EDD587BCB07DA455E569240330F5575AE8488F3","PASS"
"000078","000078.wav","177318","43E65469425CA0010E201D96BB2DD84C7FD1C65F55AB4FEB48E20C1F3F63A5F5","PASS"
"000079","000079.wav","112116","DAAF3E3946B1507B84B485A8A4F6C3FD637B06E19141B699FFFCDC078DE9D33D","PASS"
"000080","000080.wav","160600","920C8C075C0C0815420BEBBB35862763A69FA328E877D116527E6563C4E37BB6","PASS"
"000081","000081.wav","143880","71AF42BC321C46BF14E027B71BD29792E06D716D04792FCF12A596BBBD2F9604","PASS"
"000082","000082.wav","187348","5B8E26BF402A2057288EED961A40A0DC00DD379D49B501E484E2AF424D5BA0AF","PASS"
"000083","000083.wav","132178","7EC1C4E91DEAB94AB34EF2A56C274BDC1773EDFC22A868C407B62803E7F2856C","PASS"
"000084","000084.wav","117132","32D99A1FEFC493A208C14BD5378E0866346897FF3F53793378A526D3FEE17CFF","PASS"
"000085","000085.wav","160600","440E8B413A236DAFEC7E6702ADFA9FCFD420260036B764FDA8AE475DEA762CE1","PASS"
"000086","000086.wav","138864","B6CAF69162E132E46995B02E3A36C04A04BAD8A499C413B65A454EB05E6E139D","PASS"
"000087","000087.wav","133848","79DB2D14E85648ECA8A7C137E85018164DBEBF6A7853FE29ADE1823089DDF00F","PASS"
"000088","000088.wav","217440","2659E5BC479711776AD1BC619263B8ECE12930E3A032CFA3353B51D0D6C68210","PASS"
"000089","000089.wav","175644","DD4BECC1A8DFCEA80179F9B115B900C5ECFD8C6CBEC3D11D76CD60155F1B8320","PASS"
"000090","000090.wav","184006","9B5E5DCEE69325C4C72B6945B01FFE32AAA8988676594A45487A1D755E3932BA","PASS"
"000091","000091.wav","108772","911FC3AD8BBC9DB2B7BEDA90F13F48CF0E6BDC6ECB6CCD81D7330456B2887AFD","PASS"
"000092","000092.wav","112116","BD308BB82A1FC564ECBE707D21A8302A04EAE719A97788ED7DE1A3B210E46DAA","PASS"
"000093","000093.wav","137194","5605E9E75FFFDAA16C67CD4FF5DE6F0AEE8FFF66B34C7BA4D27300B8B06285C3","PASS"
"000094","000094.wav","172302","E637EE6A95A2235AC633B1429458DCF9B0CD9ECDC62707B3F621B09CEDFB97EE","PASS"
"000095","000095.wav","127162","DC71FF77C2B991A5CE7160D82CC96C59667CE542ED3C2241A2354F13522D8F1C","PASS"
"000096","000096.wav","133848","93D22F57C88EC02554BC3A07AFA287CB642FB2EA03EC4506C2C48BB715A986B5","PASS"
"000097","000097.wav","118804","DD31D0044A0BC0693C5405E302FBD0715C1DF3A7F07081D77BAD18319097F754","PASS"
"000098","000098.wav","259236","DF6A0036D66D81EA1699FC9E53F63A1E8B91603FC0644E6E49730AACDA997D12","PASS"
"000099","000099.wav","123820","5E06D182FE46CC24859D5B045A10E476AA6105D7C26424F9ED6DB4B3EAF3E991","PASS"
"000100","000100.wav","177318","60BA24A3A7AC47176EDD3B550398CAF0F5988302842C0B185FB8D365E4972E2B","PASS"
"000101","000101.wav","127162","46A9399ACD787B983C5960CBB87C818F970C9ED8D106D728EC683A8E553ECF44","PASS"
"000102","000102.wav","118804","8580F388E10F680FA040AAC694CC54F832911D2761F6C0CD07DE843C87C4852E","PASS"
"000103","000103.wav","147226","37BA047D5FD2A1C1A37D06CEE6644DE046D94E9D1826D165B48B8AB39B8FAB13","PASS"
"000104","000104.wav","140536","02EDD0814DEDFE9D6F256114C84C87CBC07CA21CB816BFCF8BF65E1C2C463D43","PASS"
"000105","000105.wav","128832","52950F5643594DFAA79E415285CD757718CB0D8DB06FF69FE1CE2FDE57E106B2","PASS"
"000106","000106.wav","199050","8A821284A74103F89505EA910C0364434282D8DB785AB4AAFC53C5978D733D58","PASS"
"000107","000107.wav","138864","AF2C76A9177B0D4F580A6A62306EC6EF421C7A6099CEE80FC06F859B180141FB","PASS"
"000108","000108.wav","200722","14C4AB3062BB160F80E70D8882C0CAF2727A5413A9226FDA7C9865C3D4E17C5F","PASS"
"000109","000109.wav","173974","6FFBFCD2CE910955C731AC69B1FDD8F6B289F03F2470C15B45369C39B7D85F66","PASS"
"000110","000110.wav","244192","95C4067E65B11A36EBCD18D1D33F27846D4D5BCE3B469340A7E07E5089DD56D0","PASS"
"000111","000111.wav","257566","196ACC5E58DF6EB22A0B5C4914923CC9855944385EC72E08EA76AF8597B722F7","PASS"
"000112","000112.wav","115458","32EDE2BF3CAA8CC4A4C6D5CA2CE4DD45CB498C4E4793752D0381A4BF1A267AEA","PASS"
"000113","000113.wav","190692","BD8F0E1EA7A2356F42489F6736BF3161E4960AF541CFE6841330312502F1A431","PASS"
"000114","000114.wav","145552","BF0472D579DE708DE3E6047308BE8CE5BEE08FFE3490875479191D372FD8EC1C","PASS"
"000115","000115.wav","160600","949854F1A54A06CEF19FCFF02EE539E1BA1DA7585193F32C2082D145066CBD0F","PASS"
"000116","000116.wav","157254","CA2B7E32BA5103A191FAFC3BFCB5A9AF04B0DD345265C23F561308C64AEED1E4","PASS"
"000117","000117.wav","127162","BE39DF61C164BB32A96E171B9DAE430CC45127D2A8E7B6BC75699AA0B1FFB646","PASS"
"000118","000118.wav","87040","4E8057140900E2760DCE12A04E959862B7A9CB416700F4CD374D82C7ADD08F17","PASS"
"000119","000119.wav","185676","0D3A92D1B243F0C299990EFF9CFDADFB76C453A4BA921944EA15805B12AED120","PASS"
"000120","000120.wav","142210","C1996047DDDEB05E69B876A675E733B07471D67ED25CB6ED7CF56052A2C56DAE","PASS"
"000121","000121.wav","127162","5E21B1E20C5D0C797A4BBE77F30F9BFD5B62093321B34F1AB4A682825F5B2A07","PASS"
"000122","000122.wav","158928","F24CE8E3417768EED10C349557E8637F0447C04A04E10EE5FA93201012E05506","PASS"
"000123","000123.wav","125490","430CDDC57B2F0EACE42BD79A40FB4D56C7AA9943CE66146A3FA470EB883A601D","PASS"
"000124","000124.wav","137194","0AC8080CD9BFA9E1957688FD5D12F8C34180D48DFCE8516575FC6EE454121598","PASS"
"000125","000125.wav","209082","8D0E2F3C06C018809E79ECD0C6AFF47B6EC0E3E74C8EE9E7863BC024379694EB","PASS"
"000126","000126.wav","177318","65AB0E12526EE58A143212C647F0A3BCB17B4ADCD7F013269248250ACC2F05DB","PASS"
"000127","000127.wav","190692","8C9BF8C57AED1EE0022CB6A05C39D351A6B57FF06A7325781BCDF8A5BCF292B2","PASS"
"000128","000128.wav","215770","DD2B380B70AADDD896429E399550EC77B42A5AA5F0E0D8734F74615E6E314952","PASS"
"000129","000129.wav","102084","055420D646C8F6B60AA01E840A09C497EDB38BA43B0B141A86CFE50BD1C4BE6C","PASS"
"000130","000130.wav","118900","7FDA1F30652B6DD0099894B4AAB5E2C8A1E5786CFF65D254E9AB3758869B200F","PASS"
"000131","000131.wav","78628","D81DAF94701766FBF9F6722C8E716DBD92678556EE49DBFDE1306F36D30750A5","PASS"
"000132","000132.wav","124938","EFAED403BC34DBD41C326B6B140B9EFEC3B5897F9FBC477CFECE63AB2EB1466E","PASS"
"000133","000133.wav","156148","C4D8C89EBFD75E53047AA20A3C9C4502659072F8C88F2A1E40FD0CEF3D2FFA03","PASS"
"000134","000134.wav","146082","AD50A70E9B3A9F0E8608C0B38FD8E06C4464CFABB654F830A09CB400C79C0C60","PASS"
"000135","000135.wav","120912","A89B6D2685E5DD9B6E5ABC9D3CC30643D7A7FB88E8A3BC791287A061FE6215C6","PASS"
"000136","000136.wav","121920","207BF247587D34AC56202FE33C97D3BE6230A075597BC354103F6D5C300E3B55","PASS"
"000137","000137.wav","150108","2E78BB828EDAFD7E7BB8149E40F056B551D6080D4ECC28FF6A9280F927E04ACD","PASS"
"000138","000138.wav","135006","77736A740EA38140A0FECF6307134B79D753F14C884AF6E8D8332053F9C95B8B","PASS"
"000139","000139.wav","93730","04DFCB51D024DF29C7113B9A86841AA6888202791F835F5DC13DAEF4C9AEC6CE","PASS"
"000140","000140.wav","138028","A149BFA0329D16CF15C7812E7A4D16D8F7B543AF66266060D71A28EEB3BEE5E3","PASS"
"000141","000141.wav","154134","D412D030CE95FCFC74D1B20D38AE6741752D5BEECB1B6C25887116F197A586FA","PASS"
"000142","000142.wav","103798","82FEC416EFECBDF954FC27BFF5544B046A09A6EC0D27499172CF43171076A159","PASS"
"000143","000143.wav","167224","932FBE9B7A601E276C27C9827CB2FAC7BBDBC9874044C5E671494C38212F7CAB","PASS"
"000144","000144.wav","136014","F39EAC783FB8A130490ED6894D2AF709F0E9F01EF93B6A2B131A626216FC9DEC","PASS"
"000145","000145.wav","131986","EA1AE713FF3A0AF04FBE780C3BE1785337E83101902AA56665FD4B664DC27D3C","PASS"
"000146","000146.wav","123934","2AC1606FD37021787EAA806F024236D5E4517A9F63BFEC852E506B8EB2766ECC","PASS"
"000147","000147.wav","114870","672A73F173019B52F09B90264DBA8F9B12DE50253C005F950AF2C35E289D5D5A","PASS"
"000148","000148.wav","123934","042FA998E0704659138EA2046BD9B3422D689CFFD9F02B496DF29D5AC815022D","PASS"
"000149","000149.wav","118900","EC0898FAA48C91EC9B12393C1C5F81B831705186B74BC0E1D6C7C20149C2F5AE","PASS"
"000150","000150.wav","160176","B2422DA56474B466A84F181F47FB4F07A70D93201C2A4D713744154A6C8389B0","PASS"
"000151","000151.wav","136014","604D926AB1E327C5AF022CCCEC9855DE1F8ABE22CB76050CC016E66AC415025D","PASS"
"000152","000152.wav","199438","536A49D2F5BB757C59197DE03792A113469BA6EB093C56597DADF843172AF201","PASS"
"000153","000153.wav","196420","F555AB25477935657E1D9C14A8ACBF428CB52E8FA773197BA9C778E93B5B0E26","PASS"
"000154","000154.wav","132994","FF718124DAA78106E6AFFD2D03B47F644D05D41A56AC9093376E7A3E47070E36","PASS"
"000155","000155.wav","130980","251F4DEEF9EE5DF2EE6E9C24665395AF9B1BDE729E15CD3092E688372184F02E","PASS"
"000156","000156.wav","130506","722D686F03C068C85815DD1DDFEB0585700B9757094667B15FC740AD1E863C7F","PASS"
"000157","000157.wav","133848","A0168610FA26CAA4B40EDBC7DE3334AF57496B69106EE520DABB4C11EE1EC368","PASS"
"000158","000158.wav","167286","F85829FDAA24B6328CE950DB6B47F9E43FC65CC92A2A6C983FD2A08B66F3A9D4","PASS"
"000159","000159.wav","148896","3A1FC58731F8E275C5319832CEFBB8C6D312B1221CCA87B970F6F07621AF33BD","PASS"
"000160","000160.wav","142210","74077CC95C46A1D3D1E1BB094AD63A1EA268CF32690EAEB2E80D95ECFEB897F4","PASS"
"000161","000161.wav","115458","187CC7F26CFDF81D1E1E69619F8F41B5C2864FD24A4723770319505E9707BA4A","PASS"
"000162","000162.wav","157254","E7EF33BD0A2B7F2722A24950E327F0D96A2E92FD75F5783B3B179D65470EA095","PASS"
"000163","000163.wav","148896","D23BF3836AA300BCBB1CE954643CB68C92D9779BD52936FDA40A9C5D3904A7F1","PASS"
"000164","000164.wav","115458","B2C1BAEF8F04BF10EE6BD61B1A035DE6878018ACA15495D2275B3CA9717B28AE","PASS"
"000165","000165.wav","112116","941B11CAF381CD2C682BB4C4F6F62EB850D73ED6197F3D0379F41355E7AB5C61","PASS"
"000166","000166.wav","143880","210490D40850611F2EAF2EE85DD374854D273A5751A166010D03B899DE1850E6","PASS"
"000167","000167.wav","170628","71B8BEF497DB203198F0854036967F72419880D5FB9E7787538C266779AED344","PASS"
"000168","000168.wav","107100","09A6493C4D511F76B04CC492584C2A8AC010152D71B59C6FD0B61D13FFC2446C","PASS"
"000169","000169.wav","102084","EA8C735850985154FB014BBD6470374AA4E628225C5AE711BFC6DB232CFBC5F1","PASS"
"000170","000170.wav","107100","21BDC8B5E0800901310EA1FB8AAE4E11E8707AD76945D1D741830D1D35B40207","PASS"
"000171","000171.wav","103756","D9F687F418D9DA047ACE1D149173DF62A5D5C1D2A536D9C4FF022999480E5F97","PASS"
"000172","000172.wav","95398","34690BE8A039E7A3B7912912BCF29EC203CCD68EACF97C99AD2D11F5EEFAC947","PASS"
"000173","000173.wav","132178","0AE687F846CF1DB495DC67687F72283847A13BBB7786A279BB0E029B07BCBD28","PASS"
"000174","000174.wav","122146","6492523E65CA6DE13BED6BC4878FC43B46F6D5FF8FE1D7648D3548CDAFF2706A","PASS"
"000175","000175.wav","115458","B36D77E35E4081082E43E5C96ACD5AEA5357F21E757753F684914B519F61791E","PASS"
"000176","000176.wav","108772","ABFAAC6591BB0A42DD2C540109DB2E1328DC937A54B425E96D1AD4ACB9E008D0","PASS"
"000177","000177.wav","132178","4BE90A2D0B3A59A508832D10B80567DCA6F9088BCD5F73E80208C448C0941E86","PASS"
"000178","000178.wav","127162","51AACC026FC5F6A8535D8C31761FCE1833CDB6A3D1827C767B62B5A70EDAAACF","PASS"
"000179","000179.wav","143880","614FCE3EAFB1F8F719652A17F8B69EC748AD4C5E2C39C05C00F6490A928DD7EA","PASS"
"000180","000180.wav","110442","17021D58FAEED92F827DE4AF77119883C265643866966007F427733DCDA9EB63","PASS"
"000181","000181.wav","95860","A2FCDF100E0786EE55F2265864A62E18D973B220FE4960556240C6F45B99FB5D","PASS"
"000182","000182.wav","151420","0E30BE72048D844116EE50CC2EC386FC4928F94FE6F95C4534AA1048F46B27D4","PASS"
"000183","000183.wav","100588","964C3C58F806F3DB533D89D7232548846ABFCEB07A869C9408117DD6D29F75E6","PASS"
"000184","000184.wav","171516","38A44CA0C5437D23657ED9898BEEB44963346F8071521A4C8BEC642386925D46","PASS"
"000185","000185.wav","111226","B2C3A218A1A8AD820F0C0B64A1B857770E7DB6B5B3275E21864D20BF90230946","PASS"
"000186","000186.wav","141964","1065CC277AACD529A5A9A7C1F0559D0C88F600BED0521C3668DDF1051CC0A418","PASS"
"000187","000187.wav","149056","02AD8659E7A7273B031CDC35337F7FE7BCA386E7890D80D0064301E50ABC160C","PASS"
"000188","000188.wav","154966","61FA194C6060CCA7C6F21D3F91EF890DAFDBD70FC1ACEE3B8AA55C7F013A8922","PASS"
"000189","000189.wav","162060","8ED063AFB23841A055EFFDB58FFD5CD4548FD574EB237F40980908AABBC6C52C","PASS"
"000190","000190.wav","146692","FA137C09C3355ADDB27A578FCD9D78B7DC6CDE8FCCFBF758AAA2A70F11D7161B","PASS"
"000191","000191.wav","160878","542FED2EAC5CA55964D4D54DAF31E635CAEADB6986CD0FE3B41A28FEF1BD0BF2","PASS"
"000192","000192.wav","264906","C4C0EC78D6C39035E54EEAED90EB67ED528C8F30188622EC20663FB70DBA4700","PASS"
"000193","000193.wav","185704","19B3204B0D1C64B4EDAEB1A32977387B5C2BB397B9FA131D56688745E0F1E871","PASS"
"000194","000194.wav","170334","F0B3D408C920F4262632BC66CF6B7F6E0ECC845A18E036B19C2FE34FCCA6046A","PASS"
"000195","000195.wav","191614","D2A619A6CC7DE75577460C1A7E1B631E88E81178096CFE5B7025A471C376F2BA","PASS"
"000196","000196.wav","159696","3E26BA10ADDFAC7A895254ABDEB4FE098BFC37F59F54F26FBFC76CEE7F3918F8","PASS"
"000197","000197.wav","231808","27D974BE2C61BB65926BEDA70DC215E03AA1D4C4C9D80AFB38C91940DC211D75","PASS"
"000198","000198.wav","178608","A005DC7D712C631AA01C2CC02DEEB48DAB1802C71BA4056C4B9DE24724D37FF8","PASS"
"000199","000199.wav","166788","8DB0F0E258822A3010D6F3BD0168E58146BBF6970989811840C427C9B630FDB4","PASS"
"000200","000200.wav","141964","A5C1F1EB1AF766F5DE1F0EA642835ECEEDB127015D41BD0127AE56A32C3CC2C0","PASS"
"000201","000201.wav","140782","12C6153FEAA932EC81DE369E7FF81E68A85B31786DCE40BDF329601B623729C6","PASS"
"000202","000202.wav","190432","58B31881112D2DC4559C9D5A15AA4BE625B151EC09BD2237DDDEC57C32E0EA8C","PASS"
"000203","000203.wav","159696","6198FD56B4F4949FACA0EDE1BCCA25747002D116CFDC90C5B63B32E512B5699D","PASS"
"000204","000204.wav","180972","C5938386B7F1EC402BDE98A7B86BAB95F56B7A2346FC6E03C6DB75727713A9F4","PASS"
"000205","000205.wav","143500","21CBAB3E7FAF7F453A7E8AA28E4F76CF562AFDE854BFBE9C0DD16A35BEF1B615","PASS"
"000206","000206.wav","108352","1C62B3C760CE9574E110B9F6040709FFF64CB53829CA3C2E3EE0A576E2D3C217","PASS"
"000207","000207.wav","121708","B2241530A57A78B85AAFBBB76BAFD2378D3FDFCA1DC75845207EF8636D153E28","PASS"
"000208","000208.wav","107650","435A815E467EC238B5DDB4D11F4B49315F74A0A877818EF0BBF92A00AC798BA5","PASS"
"000209","000209.wav","165990","27D4D7BEFF94BC75786C3A0FE7DF4EB02D50B2A0E70AF42479E6765C952537E9","PASS"
"000210","000210.wav","139282","DE9BE40C5F86DB8EF5D3E07E191F1BCDFE646EFC09340BD79C29F94AD864EA8C","PASS"
"000211","000211.wav","130846","1FFD5F358DDF8C2B88E8FFF8664ECAFE24E1152B216681C677F32B939BDB8BA6","PASS"
"000212","000212.wav","123114","D682F54E0D74C286B707F6008D15DEC272F05DAF832F1D7333EF2CE0B4F33624","PASS"
"000213","000213.wav","128034","63DF107DED537371B061E0DD53A48CFC361ECB1016040F122ED207B7714DFC57","PASS"
"000214","000214.wav","150528","FA8B1B4F749554FAB553D128FA942390B0D6C232A9D56559D37E4D20BDD92251","PASS"
"000215","000215.wav","137874","8E6CEADAF628AD4CE83B9B5E6F2A89AD69A41A2BFB12909034815F754643F1CD","PASS"
"000216","000216.wav","191296","F9AB4F17329EC9F967A65A4ADF07F2AEB7E4066701F62FE893222B16C6E78FEB","PASS"
"000217","000217.wav","139282","DEE23D5BD4E42C6436696130CC299B3BEF4371135E264D94F40C14DCA7A45874","PASS"
"000218","000218.wav","167398","DB9C3B4E51FB807B5311BEAB1B959873B694CDA9DCD921ED95FFD95F4F72E8D8","PASS"
"000219","000219.wav","144904","6E0566927036ED14C6AF9354FD934A8D740B6215565CD192741832BDB8C55E84","PASS"
"000220","000220.wav","169506","52AC305D30663D8ECBFCE9C70F3F836F5AF1A9E14009308482F8C66DE70BA8E1","PASS"
"000221","000221.wav","190594","8AEE0FACBFCAFE472EB07463F7D66433E55D3764D5027D11D155E9ED7D596417","PASS"
"000222","000222.wav","128736","71C286AABBF1A1F8178B9122C4984F03CD8C94A25E7B506B02B9DCC7D4687A5E","PASS"
"000223","000223.wav","144904","48B304E25FD6660C4AEB1370ED984EA51BB04EF6A5E10441A79379686943127D","PASS"
"000224","000224.wav","156150","746EEC6F127F625F36CC8924680C455E5CBA6B313A1D0320478B8E0BECCA0A67","PASS"
"000225","000225.wav","182862","998D20FEB1C2E24447CF6BDAEC68504A82C3FDC3C21A4FB1008DB7083DA81250","PASS"
"000226","000226.wav","173724","4EED2BC4C2D6DFFAA411401376F4E8FFBD83AA841211C1B0EF8F4BB840743D3D","PASS"
"000227","000227.wav","147012","AF4EBE2DA1B611429A659C1514FF339160B75630171645F8EB84B15022857C3E","PASS"
"000228","000228.wav","197622","F19F465954358429F3758D1246FB2F0355778F6A5BBF2C8CC36EF4E67EEBC8D3","PASS"
"000229","000229.wav","158260","128EDC8B0302F60E98202031FB02E66715F09F7B3533ED42D7C6F3BC1C63EDD5","PASS"
"000230","000230.wav","164586","D80C8845310419DB0BF65914DEC27E1B514F8A1FBAA1FC8CC006ECAB5DC7802F","PASS"
"000231","000231.wav","154042","1D4188C48D64D1694A10720D279D5E702D2BCFB0B960EE7C5CBCE75C706D750D","PASS"
"000232","000232.wav","148222","D01F95C5B9DD0083043C9E6138F351314EE6F1610951BF3C4FEF38DE8B7704C8","PASS"
"000233","000233.wav","127344","154CB56D09ADF02C90AB59E594585892DC053BCDE7ED20A3C6EBBFCB5E63CF27","PASS"
"000234","000234.wav","183012","03072C00B6B5B852BF93985E1FD8371B32565BC094170805CB0858CF14BFFA76","PASS"
"000235","000235.wav","133308","2A501DAFBC46706786F20A5CAFA324950D5A5B1780E35E23BAAFF282DDE72EA2","PASS"
"000236","000236.wav","124362","D5B6FEE5EA695C76130CEF1903EDC0C5E00C68F5944E720255EC59A425CB5CC6","PASS"
"000237","000237.wav","121380","C849C2BA79A0D262EA29BB3AF7345A85F7F55BEE7C9FB07DD9B37C8B18EBD4AA","PASS"
"000238","000238.wav","155178","2046FAAD8E96F78341BE297DB8D964D8EE7260697545DBA22AC3232BE780AB11","PASS"
"000239","000239.wav","193948","E65E61C2A1D1EC7237ED6FB456153B4F4E6C76075EF3AA51286F2D8A0F0C8BC3","PASS"
"000240","000240.wav","201900","EDA5005B7F54A1D0B6A8DFC9C8A474BFAC13857FC13DAB69545B4F372A486D37","PASS"
"000241","000241.wav","168102","A0088584CDB48E68C6B1289B809B998B2B5F8D4C28A259269A2A20C2A52E923D","PASS"
"000242","000242.wav","157168","AC77E6030CACAE98FA8D5C8CECA44427532BCF913C5E03F0A9045063F30AC4E0","PASS"
"000243","000243.wav","147226","E4F75997D2C7EBAE73CCDD442F6A6B60C5D4D3C80E09F147D14C9E6D5EE95B03","PASS"
"000244","000244.wav","176056","639226FB3DB5C302830D32C6D9BAC1CCA0618A2AB87137967649655A59814E58","PASS"
"000245","000245.wav","156174","96E9FF131B1B93455E810618BB9C04ADDCF6ED3D5998EE33DA84302EE38A199C","PASS"
"000246","000246.wav","194944","54E731363BC92311E16CDA767033005E434066134EE11F56974381C803203DF5","PASS"
"000247","000247.wav","140268","0BE55D7528C38798233A72BF8BF39E98E89B4A041B713FE71FA0F133C381E835","PASS"
"000248","000248.wav","118398","2D628A702205CEB42448B96D86ED61A39029D65A30BF87AB2F62CBCFE179FA20","PASS"
"000249","000249.wav","185994","8BF16A3438673F1CFB553740DB1F78E79A7616076F7F93F3EB6193E6D7D61FF7","PASS"
"000250","000250.wav","189972","F3F513F4F8638894346ADE6CFE8C40B3D0365B997F21C0EC4885B524A2FBF630","PASS"
"000251","000251.wav","184008","330B181D1FA175CA040D7420F3535D79729CBF9DD37349E01F2799ED8EAC6E34","PASS"
"000252","000252.wav","179038","379D2ABD4203AEC6F1F6B95BBE58D0DC9ABEFA3FBD528ECCBC0B1EAA687E41CE","PASS"
"000253","000253.wav","181026","7F3CB2E431670389CAC920425249F850D1A63649AAE3734A53FBAF76A8886E93","PASS"
"000254","000254.wav","432528","581D230F3CC8AA3B35FB3EB432D02D94ED9B8A999A849999CBBD7D18BD2FB2A0","PASS"
"000255","000255.wav","156174","06BA3C61C93DA3DCF4BC7516082922AD58B462F6FBF644BB92CC3C34CCEDC106","PASS"
"000256","000256.wav","140268","D1C373C56B7C52F327ED462EBC5803BC815DD6437773421B137A9078EA230AB7","PASS"
"000257","000257.wav","175128","41627CE18316D126FFC0FC0A74D6A3A15BB99C0F37BACDFF0C9978C3D1C75C08","PASS"
"000258","000258.wav","130144","0F424FE119DCDBBB0E6154BF253323DE13DFA9E50EF33441D77B67458D4F40A3","PASS"
"000259","000259.wav","182862","E5E6A23BDE2DB71154DDCE3CBBFCE70BB9DF416F746FA61A420EAB29FF6E9014","PASS"
"000260","000260.wav","187782","CAAA888384FC963F0FFE82F814EE3478A842D952D28E39AB923FF082A5E210E1","PASS"
"000261","000261.wav","128736","03711BCAF4A520964CBDC0BDF27068634945DC9ABA491405E35F86EF70387E91","PASS"
"000262","000262.wav","173724","ECD134725F97B4FA7CDDB77E32BD5247A7701FB0F804F75F602EBFED580FA142","PASS"
"000263","000263.wav","177238","41A993B2FA4D8F68224853C0AF3E25384A9A734430D8DC1B5CC8F7268EE2F1F0","PASS"
"000264","000264.wav","204652","06EB42FDAD3B3F050D0F75478DF613511C9C07F3686A146C5457AED5D0B39A36","PASS"
"000265","000265.wav","193404","9E11A3DCB15A97E4439818F2C02DDB10E995EC178E547315B5353516E50A6C73","PASS"
"000266","000266.wav","173022","5BF446DC7DC3276230BDA1A0A16E25B0C3F5502CFBF4B9C894F0B0103D363E0B","PASS"
"000267","000267.wav","201840","935FFE3BA1A2381B7B5E8B4B5DD4369FC6E28271C733C09084ECCB121D8CE8E1","PASS"
"000268","000268.wav","225742","0CB878BC8C9D0C8E7F6C537D6858291ABFC13C6FA364056373770127FCC0D263","PASS"
"000269","000269.wav","185674","4EE8039C2BEBEFCB6514DD4B20A131D844F1D01B234922785BA5D9BBBDC5F129","PASS"
"000270","000270.wav","165990","13544E429F326820E261E299C214CABF564E41AB4D68DA4730E5677FA53C9995","PASS"
"000271","000271.wav","165288","C84934B4CE8575C7426EBDB90D7BB5DBF65119C041D86D2A354BD73A8AEA0249","PASS"
"000272","000272.wav","190594","45AAB7E3580963AE4E546CA4E6D4B5D84B175FB952DECC4709968F530A7900E2","PASS"
"000273","000273.wav","164586","FE1857D2D39A997367471DB8F518222C66A708F86D35E1C8FDE41E67027F0B5E","PASS"
"000274","000274.wav","155448","E7B0EF5547720785CEC4CAF352319E30AF5A3E9B8342BE6FFBFA2ADCCA010AB8","PASS"
"000275","000275.wav","198328","FD2891CB3C0A5B5CCAC80910E7C137D586FD79E3C3E698782480A4BD7FBD20C6","PASS"
"000276","000276.wav","181456","6D4B2EDF90BE0C29C2F7449607A55C53AF399827C1AE1A21F646D97AD741E8E8","PASS"
"000277","000277.wav","131548","AA1C0DA0EC271D523D89E37D1D470E8E70583351D00F377ADAFE786F80CF2B37","PASS"
"000278","000278.wav","144202","87B51EB953127EF2FC6CA51552D71CD9077331F326EF2178513784434E7C70C8","PASS"
"000279","000279.wav","144904","5B85AD3E4419D6A9AE3F0257C528CC86EF455D7CBCC4D9AEFA4D32AB3547105B","PASS"
"000280","000280.wav","104838","9C383F090D1D040A64EF174F69FFEBE25B7D964908C6F41818E51D3F2CA0F824","PASS"
"000281","000281.wav","179346","1EA7B09963385F63F080B436B9D70201C2172820942F4E73F2CB20A5D37BDD3E","PASS"
"000282","000282.wav","168958","209588F036D25CA281ABBB8D46348C9A1B87B0DECD9B1D69C831613BA0FE6CED","PASS"
"000283","000283.wav","150568","3BDC167380A460F710BDA48865BF7C82D4C936E90DC63ACD0548F392D4E7C064","PASS"
"000284","000284.wav","175644","1B14C97C5A788A1378AB98D854BD053A1CD68B3F476B9CD67F805AC95C3C60BB","PASS"
"000285","000285.wav","115458","0F64F0B59820D155CD8643B836806A79780EA9AB3083127B2DDAA1A529A6EE95","PASS"
"000286","000286.wav","152238","B71C4D5F276F54D7588E9726BCB659BDC953217805300F0B5E61DDC2ACFAB797","PASS"
"000287","000287.wav","232488","4E653F556BBD660AF72A595E6719E6B721E9D4B82DD45E5BB906552A77FF925B","PASS"
"000288","000288.wav","160600","E26154F8EF506D405FCF1257574BC9F1D2A3E7A0F0DD0145A39407ECEE1D3FDF","PASS"
"000289","000289.wav","219114","B33B1FDD69CD8894CCFF3C7888DF92AC169D2BDE2BA9CB2540BBDFEB4865BFFD","PASS"
"000290","000290.wav","224128","1D183480BDA2264EF343011A55D38FFFCDD89FA72E24AD5093AB3CACDE0CB88C","PASS"
"000291","000291.wav","222456","07707C93C10B0C5EC26AD5F852F9D26A5F65B6941561D12B8DB0C566D524E41C","PASS"
"000292","000292.wav","172302","15EF91A0D4AC1ADF44F0CED754C770F71B4775E637508F750BED39C4156F1BC4","PASS"
"000293","000293.wav","168958","8D7B5EC1285FB7C060A012F6D38CC91ED5D59E7C7E5F5FBE464690B0CB076A89","PASS"
"000294","000294.wav","240846","502DE3AA39779907E8054E19DEFE1BB7E77E112CB194640966FCA53CF7D3EAC2","PASS"
"000295","000295.wav","235830","709E9F5D01CAC0F016DA94A415F22F3108F84AB33C87E2912707823EFD8D0842","PASS"
"000296","000296.wav","277626","5BE287081EF2396E08E97DD6D81AE2CF83DD4C6C040368D752131C08CBEA05E8","PASS"
"000297","000297.wav","180660","FD9CA0A521AD3BF36713AE21CF58DB79F359717ED8E19BCCA389D2F909057874","PASS"
"000298","000298.wav","397998","3F32BA1C2A89184A48989C604FD12F400B0483566C0204165E4570A98F15C4DE","PASS"
"000299","000299.wav","229144","E910A2E83CBB78E73106AA4DC9D1B9B78C27A5047B1CC2FB197E192DB701FD8B","PASS"
"000300","000300.wav","202396","6694527E45469568E1A1273FD45D2A76D6C76B8F5C961D04CF5B4F9A03C374CD","PASS"
"000301","000301.wav","185676","51A29F321C526C3BC3937CA719EC4E461DAA3C3B9356F01CD0004B762C469366","PASS"
"000302","000302.wav","209082","1BF23A7297BB439C8E6148E1FC74A1F5817A25012FA0E753C9363260BD35BEE2","PASS"
"000303","000303.wav","197380","2284DAC599262148F89C34330A3962F17D5964D79915A6286E257AE9027B9DB9","PASS"
"000304","000304.wav","217440","B3D9C626DBA7AA7D04182FC1B8382703B347C0FCC0E9B4312237F20BC9D2E9E0","PASS"
"000305","000305.wav","244192","C41DA01F0391D940D35EB3D40132122F19E5615F9073500B2F029150AB202455","PASS"
"000306","000306.wav","245862","31A06E001B6BAD77C2924B4D96CD2ABEEC1DC5FB4E6EBF4CB1D6B397C1ED2E19","PASS"
"000307","000307.wav","237504","70C87DB7A8FE5777C16B2BD949F77738658B5ABCF5D2554A71AB1DCCD2B5A21E","PASS"
"000308","000308.wav","200724","C902B906ACA987E799A57D907E612E69A61931CECFAD6C3313087F15B4C4CFF1","PASS"
"000309","000309.wav","165616","F6114A5F916F18B8B24D50673F4D3FA8093F88C5F6146CD550E237AF284F0CD9","PASS"
"000310","000310.wav","182332","49ABBC03A7A8ED780F6C846FFB90E8B1F95082B6C306062C2D0E9393061CBE3E","PASS"
"000311","000311.wav","199050","5BF00D1281FB0D71020BBA6474EE3A876C11D5617A4C793AABA04F29E5EAE2BD","PASS"
"000312","000312.wav","132178","BE1EBCC7C24F0B3D005694C61565ADF28EC94BC396484CA5CCA9D05E3CCFF8F9","PASS"
"000313","000313.wav","185676","FD68A2AB4CE523D356A0EA350504EA2BBE79A406F2EA0F0E5E216629CC42D87F","PASS"
"000314","000314.wav","165616","ADA3AB135B51613CC74E8EC8207E322CD68DEDBB4BFB9935802DCA6E324FF1EF","PASS"
"000315","000315.wav","108772","CF1D5F04F93955BB52C4CFF2879C85AAA4EBD1992BD3A205464435CE9BEA448D","PASS"
"000316","000316.wav","127162","30B2C6C01AE799870E968AF2DB5AF1BA289C1942AA2FEAB4CD4DA16408A69958","PASS"
"000317","000317.wav","138864","B09E4EB07646792692573F8123BAB1EF62BE6065286ECA71D2BB2C1FC3FFA178","PASS"
"000318","000318.wav","204066","8D40A657B42DA633DEDCB93DC964714EF5EFF68081F492F19CD80945741D3535","PASS"
"000319","000319.wav","199050","F3DCD8193BBE4CEF30F1A871DBB67FC99CC9F0B1DDFCD7A131538E59C317780C","PASS"
"000320","000320.wav","127162","5E8C2672A1D77630BA94642AE410028C4E4C96105780E0E592C4EE3D6E3B68A4","PASS"
"000321","000321.wav","205738","9503602758F7F74416B02632B4FFA58D6598A029A59D9CEA2FF8DE15E3A96821","PASS"
"000322","000322.wav","130506","7C1A21493C7DB43F554B427782953EC6AF9959095C6C69E53F4E2839F34796C6","PASS"
"000323","000323.wav","175644","60AA94D587F0243145DE8A1D4E394E7D4D870EF66DB3F34E90A4FDD43B3BA616","PASS"
"000324","000324.wav","199050","81A7BA156B07183E683412A17F920BE092DFC94A2F65DB443F6BE7E6D06DE28E","PASS"
"000325","000325.wav","127162","CED20171AEA206F7F764772FDADA1C05067C8898942154BF419D2CBA6230E674","PASS"
"000326","000326.wav","260910","BAC1F4B27DD7FC2A06EF2D8E2064C0AC4606A6FF78650C61BD4C176EC40CBB02","PASS"
"000327","000327.wav","158926","805790B229B075747BAC6CC088706BD83AE81881C341799CF90656AC21460141","PASS"
"000328","000328.wav","210754","6BBD6D687CCAA622186231DBF1D879B68E9E39A3BD84AA03399D54AE92B85208","PASS"
"000329","000329.wav","130506","567F8083711415BE2C7F0821EDC8FF8A02335AA06FAC8C651A9C8993A6E9361D","PASS"
"000330","000330.wav","135522","6E64F7898AA61768D49E6420479651E903D586AFD10EDC5C13D447BC36FAC42B","PASS"
"000331","000331.wav","220786","A2228533CCE409A2DD19E8FCAE9EBBBF1CC94D8B93A78F9B7B99221728594BC6","PASS"
"000332","000332.wav","165616","5A322E4E9C48B96CCB1001D671A19964B84685EB5DACAA50E4E15FE4C295AF18","PASS"
"000333","000333.wav","110442","2883FDF9409EF99A683C14115A6F9E014AE5A619B9FA4F2BA42D77BCEC6E083A","PASS"
"000334","000334.wav","113788","5F0F72D3563060EB8C0DAAF034FFF6A608639409534E8D86228D6A2F91926AEA","PASS"
"000335","000335.wav","142210","68C2EFA27F9CAF2390CE23248160FB20AD39CBD0D0BE6A3E216F2FBAE8C88559","PASS"
"000336","000336.wav","117132","DC7855369499089B67C3AF037BB8BE0BC32031F7E74B66CB02F88F1B42BEA8BF","PASS"
"000337","000337.wav","122146","914EDEA2D28C823FB26825DE7570CD665BC2E9733515961F4BBF9FF14A06D282","PASS"
"000338","000338.wav","140536","101D31375C8873EFA709ED7DB3B1E790D4D9CA5E62D229465E95F2F3B072D999","PASS"
"000339","000339.wav","175644","EF938CDB4E4B3BEF5CE73A039DD3B9A1C17535AE57D94799276BC94B6EE70310","PASS"
"000340","000340.wav","182332","1ED11C339C996BFD17FF670B31E47A42AC5B18E474729D5B5D5A16080FFA351E","PASS"
"000341","000341.wav","207412","0E509E1885E27CE9A1A0BCCEB7349C62F1FBEB32D2641484B25000FA7273751A","PASS"
"000342","000342.wav","145552","28AA23CCA1ACE410B1624D026558BA8D921B7763BC308C7FC20ACB89A317F88F","PASS"
"000343","000343.wav","185676","D3897112665FA14D805070C71D3DD29E8D0508C73CE8E2961A3500F1D1306541","PASS"
"000344","000344.wav","257566","9C617AC55C28C160AA8B6EF9235BB9EE6F3E68BA037871FE22A4C54B652874BB","PASS"
"000345","000345.wav","187348","B15C5FBB654FC7E23F61DEC00028062BD9D3F057D015282F7E3820D3C48A430C","PASS"
"000346","000346.wav","170628","5C5F5EDFB48E749BBF0F656311D1A4ECEE1EB5F7DA2BCEE3D88763A95B7FF537","PASS"
"000347","000347.wav","122146","DEDE42E9CC715F296367C8C3A9BF85C10B968FE464A06B6EA7D58CAD6CBE9D70","PASS"
"000348","000348.wav","155584","305A9EAB7943F12A787E7F49A863A5CCD6BC668528190A430B110F544D4983AE","PASS"
"000349","000349.wav","204066","E9354AF18D7F4FCE045E7EF9B4DA71CAC981A7FA839DFD841035709DAAF38552","PASS"
"000350","000350.wav","152238","6326B4E261863C12D80CAE97185AB94C811E0B8BDA40773CE6EEBA2534CD646F","PASS"
"000351","000351.wav","192364","E63D8F2EC9ECB1B3238A1A33C27967066B18D34923CF3A55DD09865E2401B0B3","PASS"
"000352","000352.wav","224128","C3C2ABC9940A34C6E7D522B4CCC60A9AAA1760614AE26CE700B5D6D923F0CC62","PASS"
"000353","000353.wav","153912","CA38789DAAADE56CCE415E6187B7BDB50A9E35A396B2AA11BA3BB0DFADFE7519","PASS"
"000354","000354.wav","204066","0465F934AADE5F81EF69CB44A5AA0CEDACE8977DCCA037369BB48EB33E454B0B","PASS"
"000355","000355.wav","185676","EAD6478168FB472039522A3C3CC5D380E52073529C202C6737E62AFCC22FFD5E","PASS"
"000356","000356.wav","229144","D8FFE27140614C6756FEA950DDC6BB41B31F926F7BEF7987DD65F55272F6BAAE","PASS"
"000357","000357.wav","289330","245737C3D99E6B7EC9EF541E74EDD1DC7E82DD7D0FF9710AB1BD1716FE827D8A","PASS"
"000358","000358.wav","254220","03358074663AF02DA9B9E37738B8985A26C581B6EE9559E1C7905846DF841411","PASS"
"000359","000359.wav","225802","13ECCB94D9384282FBDD5BB511F2C399BE698C23A8F83EB3B0652FC4ADE1C011","PASS"
"000360","000360.wav","152238","686E317AFA84AC6BAE242C8888B749D08922035892BD32A23237546C76C42ADF","PASS"
"000361","000361.wav","254220","ECB1B0C8E081C6F01AEC8D822FEB6428246C81194367FC8728E587F2D1179CCE","PASS"
"000362","000362.wav","199050","3E22C998687B4BBADA5C853602D4635B2A8790BF4F22009D5801F90E178603C1","PASS"
"000363","000363.wav","185676","EE5FF1D0E868D1137F4337BF8B1DF45B08AD8045E83E132FE076455D5A1EB4A2","PASS"
"000364","000364.wav","262582","4AC0F0CD9EA2AA69B9B5F97E132F158A4DD4FCC792618D6232ECC9F5A023BEA4","PASS"
"000365","000365.wav","260910","E9F9685B6732EC1F856DE3AFFF63B1AE6DEDD495AC2C9D7315EC4AEB5B04A9B0","PASS"
"000366","000366.wav","284314","C928FC89F1176FCBF14A22E698D5D77FDB5A480091D9FEBE1A74368FF80EC5C9","PASS"
"000367","000367.wav","217440","97D845CE7C90819D983E541FEEA2F9CF2C9381781C23EB022EDFF938F534B032","PASS"
"000368","000368.wav","162270","0890979AD6878479E5CE662CB38951D8B55B5CC51068343E5CC6F122AE254439","PASS"
"000369","000369.wav","125490","1280F3E323F97AE62B1FA7E76921F7DC7FA2B56A77DF2F033454E89E7C509D71","PASS"
"000370","000370.wav","195708","203D133033D7BD95FBA6FFEBAF368D3C6C23D209EA3880131EC122F0F841063E","PASS"
"000371","000371.wav","155584","3BA0D554F4812559C6CD0996C42D205FAE0EFDC74F30FF613864EC3EE7F820E6","PASS"
"000372","000372.wav","148896","A8AAE59F058C1BC7384C07F1A841740A438153220561C564A8DF4ACEFC60BFE8","PASS"
"000373","000373.wav","155584","4DF7FC6BBD53746242F3B405CBE0993EDAD87867B1ACB43273825F3027E4FD4B","PASS"
"000374","000374.wav","215770","E66B1D7A0379CED2BC1C755051815083E55D1C25EFF5D52C9C29ABE7E91C3465","PASS"
"000375","000375.wav","178990","95F373D1584D2B9247C8F5DD5CE64B30849C14C9EDD6C7820249D0E35320F385","PASS"
"000376","000376.wav","244192","736B365B6EA8FC26C890419F63F4CAE911829939F339D6F4CE592F8652359DE3","PASS"
"000377","000377.wav","297690","3B15128FC8663D779DC00F500BBBAC2CC68BB178F8D6D49884773ADA4411A4C5","PASS"
"000378","000378.wav","220786","1F6ECE3745FBACAF358329FD52A807FE6B1F9C186BD564E475E2C82900D2E608","PASS"
"000379","000379.wav","280972","5C313D5D34691EFFE11D3D067427BD8E9E9DFA7773CD8D5A570302334166184F","PASS"
"000380","000380.wav","160600","FA67EB323D7FEA76532A098BF28356036D6E6E852B4D577A6D10EF2451EBDE38","PASS"
"000381","000381.wav","172302","F23363814C4B043348E603F29F4230ADA25DB4D6FAC2C40989F6F5D5F9816D00","PASS"
"000382","000382.wav","210754","D16D98334A585972B5574690C15837498EACD965EB259763758881EAFF775E72","PASS"
"000383","000383.wav","143880","36BB07EA1010765AA9DC0A57A1C9893D1631C9687E58F28D7E9537E93E6CBA8D","PASS"
"000384","000384.wav","163942","FCB37CC0367E33FF43B8D70A8518DDDE71423322F2CC23A6FB673B43712FB409","PASS"
"000385","000385.wav","157254","75E4EC3EBE0438408E6394551C43F93164BC2E75A286D5D4ED7A1AB5E90A1902","PASS"
"000386","000386.wav","112116","25D4161932036BF0F8FB9D51885525E2AD62A778FCEF5E6D3EEF6DC27A9D158C","PASS"
"000387","000387.wav","143880","B49648BA7615D6B765F564F09F360A1CB696A0DFE4DA476722E5321224633DF9","PASS"
"000388","000388.wav","207412","FD30771CF03FB7D1C10C6DCAFFBC3AC3B7D798049659058DF0B68B3B2DE3B274","PASS"
"000389","000389.wav","180660","FBE3257381124CA96FD472962F05A2E2FC1D73D6902EB93D6778E99110EDC717","PASS"
"000390","000390.wav","158926","90B81B299961FAE337C73DE2F311125376D7C5290017FECD7D8BB77151FA68C7","PASS"
"000391","000391.wav","178990","B62E10B07EA6C0230A6F21B2387C2C2350B2B5F58799C6201DEF08E13D8DA1A3","PASS"
"000392","000392.wav","147226","475D38C29A272F954BCE419962BAE50665559D7DCCABEDBBAFC2D219C1343607","PASS"
"000393","000393.wav","173974","6A7E71461349ED5105E65E1278A0008D59072B8E86F459A5B0EA3AC731516F9A","PASS"
"000394","000394.wav","162270","B3F95B3F2936018270C156F087D36C9DCBA70E7114CE494DC43A68424E231310","PASS"
"000395","000395.wav","177318","B9B215CC2794F362D137A976839925AA3DA40CFC6582E460FC5CF498C023E7FF","PASS"
"000396","000396.wav","175644","A4A1EA9D57F8004DE281267924ACB47927A61CA039BC774E259C8B9DF6A060E4","PASS"
"000397","000397.wav","142210","16C4C870201C23B0B6C62DD9008CDF5369759D517CB34C32DB1688608526FE59","PASS"
"000398","000398.wav","177318","E9F21D146F733047D5EC2DAFE1FF5C0CA7BD6C49C835ECFE9447660B0B1A7032","PASS"
"000399","000399.wav","182332","03E22BA0A29261AC395B775987857C50C8B61628D42D7FA550467B62BD32D4B4","PASS"
"000400","000400.wav","150568","6E2D09F19CC6587A50BD1807A58BA3D9B2B2674037ABBF0C5B71903B7666DB28","PASS"
"000401","000401.wav","157254","19FD376E32ADCB67D75FF5957E23C369F6747F00301BA3AD40EB487BFEA1626D","PASS"
"000402","000402.wav","192364","C25F0725183CC72A58A4D4CA51EFFA39C3BDBB98089135CFCBF36CB962C3D16B","PASS"
"000403","000403.wav","162270","E493577F47AECC4A65C0AE3F8EAC1D72F8FF563DF0C221F86EBB702A77159BD5","PASS"
"000404","000404.wav","158928","33F303F07CEF3B74944F5E9856ABF54D20331BD7DF463ABC2B2B6C5D95181EC5","PASS"
"000405","000405.wav","178990","BB1D01A62312F65095BB49762B2AC67E768DD6DA1275A8C589C391A7A877AC53","PASS"
"000406","000406.wav","185676","013B5B78CA09E6F6653ACC1728E1A2ED7EB8512D7D091915A9A73CFEDC3F860A","PASS"
"000407","000407.wav","209082","87A5664B9C4A2116B79DD99F76E10FB9874523EDEBD4CF92B9DE8D8BFE728725","PASS"
"000408","000408.wav","199050","56F2633743E43433D7E219CBBA55628D78787AC14CA76CE78DE1DE05B562D3A8","PASS"
"000409","000409.wav","252550","BFF1A1DCFB460D42AD8E1BB8FAE75FD8069C2950E0EB73046AFE612DDBFF8A77","PASS"
"000410","000410.wav","163942","A2EF2EE8128455937993E74420B583C617EF02178C51120C8F52DBE376A6EDC8","PASS"
"000411","000411.wav","237504","E9C1A98A9DFE607BFB0AD9A63C8EA819629CF9C8463E4300CEE6102E9A482EF1","PASS"
"000412","000412.wav","274284","BFEBD21843B0B45E51B78E54C7BDA15096CC8ACBADF918EB40C851096FAC3E3A","PASS"
"000413","000413.wav","247534","708701144F93DD4FB01ECFEE79DA841402CEF7E454A3D64FA7D7639BA1A34BAD","PASS"
"000414","000414.wav","245862","DF8B149FAAB851728F4A429B3F137A8C217702CCE59ED5E357DEA75F2F90820E","PASS"
"000415","000415.wav","229144","45152CEFA0CAD799FE3CE66174890E32ED18C866F82BA18EB4EBFD59E416D5CA","PASS"
"000416","000416.wav","220786","7F28D49047766A82B32B800039CE9DF9E73ABAA34556CFE5C24FA615925AB81B","PASS"
"000417","000417.wav","264252","D92961740FAEA7DC65B646E495ECDD0EE083ED96C88D2FA556F1D97F638F3951","PASS"
"000418","000418.wav","158928","BA0CD619987929EFF43A5FB6CF3774C4F2C50597A1C4768B4DC2CE5C59D5F077","PASS"
"000419","000419.wav","162270","89C60AFE4948CFBFB28BF12440012453CBB8BA626957F71748B3ED777C69DFC5","PASS"
"000420","000420.wav","292674","1F8E19B0A59328C398066FDC06EF5298FCBCB144CE279DE3DA3AFE0042842094","PASS"
"000421","000421.wav","264252","E2B171604D5FD23F7C66960DA30A3C7E1C2A854F7BF6C3665C3C9FF1D8BD74E8","PASS"
"000422","000422.wav","209082","0AEC5DAFDCC25D688707166EEFEFC88F92430874BBAC0C528D1CE31BFCC7BB6E","PASS"
"000423","000423.wav","170628","E01F6BB9F430ACDCF8BA9AEB09F4FB0BD41D06BF60ABED8E3C09AF7C71D7FFAF","PASS"
"000424","000424.wav","189022","2041BEC3ECDBC414D58FCA34032E3AA027C6B93C74396AAEC6A02B6871D1968A","PASS"
"000425","000425.wav","207412","692DDAFBF57A15DD5FF808D0ABF41CA860B559A219A72A864A4AF1553CE03BEE","PASS"
"000426","000426.wav","197380","9B5967E160FAD44CDA4CCF79015B27C4957F2E2C96826C22C327273487A81E8D","PASS"
"000427","000427.wav","192364","79F93AF53F2B929088147353717B7AD27494CFBF003E21D849DB0E8F91D61848","PASS"
"000428","000428.wav","140536","5BD274FE0A66CFB54307369E40ABBD48B236E0F1FEC65AEECA052F9F7CE0C280","PASS"
"000429","000429.wav","235830","56DF520E182A81F0899B972DCE3BE5A519865B87020821C4C034C9CFEB37B46D","PASS"
"000430","000430.wav","217440","158509C4942A376A22D020EACB761423C776354A2C34939ED4E3683CE760DD14","PASS"
"000431","000431.wav","214098","4504F92E9B71D24FDEB320D74E369C88301B9482034466C5201B4D7153DC0209","PASS"
"000432","000432.wav","232488","25C014496ED86C303C87C94BAC68DE4DA158E7BDCA4E67EC7B050A5386620907","PASS"
"000433","000433.wav","240846","D0033A28368FCB0F67FE7083AEEBB26EC7F84184005492FCDF815E27C0AC0609","PASS"
"000434","000434.wav","289330","F118F2E0E7CECE06DD58D046C8D394EF22998E29AC982DCB2525B7EB4A7B7969","PASS"
"000435","000435.wav","199050","9D488D3C320E2E6ED4BE720509A5D9C166C99E1E18BDEC58551E3355061F8AD2","PASS"
"000436","000436.wav","163942","9EBBED7BFB3EA38E55C60A9BE34EE0C128AF66D481C0CBA0E11E16C8C75BB825","PASS"
"000437","000437.wav","189018","4B21265B670E93B5052FCD6F4B093E3F401FCB6296178B62D1A9E43687513A3F","PASS"
"000438","000438.wav","220786","5D7807513526D5142C920010B2289848884779371CB68429062B1F5A76DC879A","PASS"
"000439","000439.wav","264252","60292A423B05925F9276B644B8C48830C2D721E5418F7E3B6167FE248B50C356","PASS"
"000440","000440.wav","249208","64678E11E6146651DEC25C8DCC65492D05E04F95FB62F3E82F386D1E5562B5EE","PASS"
"000441","000441.wav","192364","815973C2002955A13C966D1ABCEA6A3D4EAAF28DBF2FC74107E1F5F67B3B9222","PASS"
"000442","000442.wav","170628","36B9B780B491DAB643A944CE43FBD45CC06B15E77715CBABE69F9DFF378E84CB","PASS"
"000443","000443.wav","137194","EE2B3CF0AD50752CF353775B1CB1B663FDDEAF89CAED7363520327B4AE63A44D","PASS"
"000444","000444.wav","209082","82A180DBC0F3912F3531346457C5C7D3776D20CCB1F9BDB11B3760A8A733B428","PASS"
"000445","000445.wav","143880","A608FFC53D3EB90EE489DFE2BB77435E6BE5B1A268B0C235FBC6506D93D41C28","PASS"
"000446","000446.wav","160600","0355449A8F426A9D34F8820C4ACD8673063FFE923F54E4F51D436C89BE73264B","PASS"
"000447","000447.wav","217440","585F6889F89E95182FDAFABB4AD76820FBDEAAC34BAA6F4CDCABE3D6ABBEAFE4","PASS"
"000448","000448.wav","182332","D46DC992BCC1CFC267ACBE5F347F695204140C9655DAD6363EC89EF8FD38E15F","PASS"
"000449","000449.wav","173974","F775E050604D08A027218E98A54941F00ACA786F6CF0AA3BE831942B64399EE4","PASS"
"000450","000450.wav","163942","106CE45DBD6A71F4A914B4076E4DE43DC4E571EA7663BAF06E2F7EFDA362F679","PASS"
"000451","000451.wav","185676","D31968C92F01F013A9FFB6FC1488869F4043EA9896F8934AE4E26D700BF815CB","PASS"
"000452","000452.wav","162270","8705017D5AA9FA5D52855C79028C1EED65F24DDE439DB2B0941D0CA00609EEC4","PASS"
"000453","000453.wav","180660","F4EB0352D71A2D63857B1CF3C1D3441E6ADB47978BE8FD1E5B395D72853856F7","PASS"
"000454","000454.wav","147226","CE25853650D4F67FB71FDCAEA3705D8EB40934D2226391DEC5088D6E0B49F864","PASS"
"000455","000455.wav","185676","73F637E01B93A14BD898F814C0472B2EF492B18C85B8F419A17DD03F224C48B8","PASS"
"000456","000456.wav","148896","9E35D18308E1DA32F8DDBB9060CA4D5AF47395DDD12B8571352F8B6A3003B8EC","PASS"
"000457","000457.wav","142210","CEDA6042F2FC3D5A16E5C56B24FAAE1EE95C4D6D0CDF696CA9F52151CCE68DFD","PASS"
"000458","000458.wav","187348","C9B6CB763B6430976F152D3A35309DF3CB2E6BA8B17A5D27BA556D6061FD0DBE","PASS"
"000459","000459.wav","285988","63EE43DE77F0DB2428779520508A915B65CFC47F22C7EE2C5730927B4F2B5925","PASS"
"000460","000460.wav","185676","D700F038D19B8879CBDE43DEAC6487539D1E4C391E613999348D448AF7AE9EAF","PASS"
"000461","000461.wav","168958","12499E7FCCA6F91E2FAD930515663CE70C758ED9965162CDCA17565675E48377","PASS"
"000462","000462.wav","178990","D752D2B6D2F201BE6432B05F168C78F0E6978260A0535F9A3B0602E7A5C48763","PASS"
"000463","000463.wav","219114","2E778AD7309B23A151E36FBBE81BF91D6C0DD0798BABD45FBA9762368CE6908A","PASS"
"000464","000464.wav","244192","CC702C0E042076535359F0CE49677621AA80F123B4E35A2ED5808557777629A9","PASS"
"000465","000465.wav","192364","C28E83AC471CA7F9F6768B09E27BBAAD5ADA0AB83CB388E011EA457BC0266380","PASS"
"000466","000466.wav","229144","1DEB4EBBA408B494BC95428A794A60F81A65674D6A0BA1C20750C1742B34B988","PASS"
"000467","000467.wav","269268","A7291C15FB8DE225C5137AAA11AD5B4609FAAE28ACC705075BD6993687243ECB","PASS"
"000468","000468.wav","399672","003D21177FA2CB9D9AADB5C3BC523AB8686C77A168C51183440B0D14C2896E75","PASS"
"000469","000469.wav","234160","90BEA3F262EB440EC56B43019C4B3700D87F4862B93E6B7ECBD60C94B6E7BF76","PASS"
"000470","000470.wav","168958","CBBC000525B7FAB4644CEA11B478B4C0B0D031F94F199191358D751395A3303C","PASS"
"000471","000471.wav","194034","F81E15CA50FE814202D3E560C2ABA879A86B014263221092BC291DB08C90E646","PASS"
"000472","000472.wav","184006","8712E3A300D84CB17DA43E9CA8BC944C14BC7FC4F681A6AE29325F6F41B8B02F","PASS"
"000473","000473.wav","204066","1C1E7FB63C401B3B310788BDFE118497DF077863CD996D3038429B9EB3D04B42","PASS"
"000474","000474.wav","202396","A71717E56E7044D080F11FDE7E33EABDA56A9B4593F0F4139EE267F7A0003686","PASS"
"000475","000475.wav","204066","7D389FD95EC593C2F619CB1CB200CCCF83F8DF8596E4544519CCB503F3E37969","PASS"
"000476","000476.wav","230814","95E60275FE44AEE142710D178C3C8C2131A458DBD8FBA8B552225AF102EE5E69","PASS"
"000477","000477.wav","254220","9C2DC6DC780E31127A72A2D183AF62220CBC40769B3829C2E061963765B2506E","PASS"
"000478","000478.wav","222456","1AEFFAC773C6352096D42879461FA01A5C8181567CDB4B88AC1AD6C2587F64A9","PASS"
"000479","000479.wav","279300","307836D8F1FE5AEB8F7AE67BF16A923DC2BCFB1142145E757E39A1985C02622B","PASS"
"000480","000480.wav","336142","F2DDE8AB5D1A1A24EB02769B11C3433EB6DF1010FEE57C82F33B995C2FE483F7","PASS"
"000481","000481.wav","222456","71A2939237A603C6A36161556F8E76C1711727451D0A00DA685B372B146F8EE3","PASS"
"000482","000482.wav","187348","57C9AEFB8B0FA5BC095BAE6C61F38F327FDD60EC1E7B1DDEFA0BEB6EA68B6DBD","PASS"
"000483","000483.wav","230814","76265AB2A8D953486DCEFD24FDC3512EBD5B6E363F145DCDBAE18A5224A13922","PASS"
"000484","000484.wav","287658","06EFCE53DD74FB30855185325F56630318812FCF4B15A67AFB982412BF75B966","PASS"
"000485","000485.wav","255894","7B5167EABB3B88A27FA4FDC90B5D38256BECBB09EC8548B62F83F33152567419","PASS"
"000486","000486.wav","180660","F057238619284E90048F8E8ECDDAF66F3DD7EF0E7ADDAD47EFF968811DFF4E05","PASS"
"000487","000487.wav","260908","039F1B8DE4BD93FD2F07281192F34559D5935B706D201BC5641E01ED5316BAEB","PASS"
"000488","000488.wav","175644","EC7EE1647C0C7C219ACDD0DEF01EB8EC3FA7F2E2D7E3FF10193C6C1084EA330C","PASS"
"000489","000489.wav","230814","8CDEF38C7F15BCB2F959D7395D3766E3EF8FB12FB3C153D18802E72675B4C8BD","PASS"
"000490","000490.wav","304378","E229AAD0BE88A0AC10AF206FE5BFC098B8CBB3BAF51BE548F3FA1DE683658A46","PASS"
"000491","000491.wav","207412","ADF3AD0E203B487E76528046A70F224910C8D1D0653BDB86E5D2714014190071","PASS"
"000492","000492.wav","230814","5026E15531D9B12A5574AB5CB9961EE98062AADB56659403556DE605010FD2FF","PASS"
"000493","000493.wav","240846","276FAFF566D61EC0C3234E1A15C522A0EB86DAEF99DE282CFF4D718B41EFD300","PASS"
"000494","000494.wav","182332","93043C9B31C82E96C1E7C6D973A787B50F465883EAA34270285ADE84D4F47798","PASS"
"000495","000495.wav","189022","D0B96677B7975CB2BAD7D333B2CFF55512E106D1C3C8313E7C0DB85036041B9C","PASS"
"000496","000496.wav","215770","B5E4AB7F9F749DBECF853CA70C8AC0BC5982A0904FCFA570576B4C39927B5A69","PASS"
"000497","000497.wav","177318","C7E2CD8956292A517E89DE6CCCB2C007F3967A15EE40C6DF7028CEB00610048F","PASS"
"000498","000498.wav","190692","B94636EE6CD1E9FFC7621BD8958E98FEF23CA41B07E650D97F2B9CD2FD4DCBDB","PASS"
"000499","000499.wav","275956","77AF0CB837431B70150FEEBE5F7B76214270EBEE84554D99AF7F09F269CA2761","PASS"
"000500","000500.wav","254220","C1B0B5FD233D9061220D79C7306ADB48CA7FD1502945DCC0F3991146A237BF8A","PASS"
"000501","000501.wav","234160","1CDF4F4790D6E538EBC76A6CDFE2ABD3F50CDF2561C532A6E1C27D2ACE091DC9","PASS"
"000502","000502.wav","202396","63496CAE0753E580B19F0940A67563E66B67964B01544C1CF9382B81BE69B814","PASS"
"000503","000503.wav","252550","77F079FDAAE59429A450BBA65FFAE10EDBDA446CE38E10EE686482E524A72104","PASS"
"000504","000504.wav","212424","1A4AA35E6455B7E8A93F6762AAD75C38D9173B96C81AF48F76705269F324824C","PASS"
"000505","000505.wav","200722","55F516C805717B4F691AC4E2964614233612028F113662CABE6AE159E3108BFC","PASS"
"000506","000506.wav","178990","D3C8B0B9931C25B26A38185CF54D755F9BA83CA152CF3454BD10A55176A8E7C9","PASS"
"000507","000507.wav","230814","0260BA2F6EC14E057C94FE56F34FCB403C9F4B4DA1F103EBC7C0442AAFBF004C","PASS"
"000508","000508.wav","312736","6F771E4E4359455CBC88EDE2D4413221DA745C53F2A5B49F61FD2EF5B06E1824","PASS"
