"Code","LogicalCode","Name","Version","Status","Descriptor","CodeValid","VersionSet","StatusSet"
"ADR-010","ADR-010","ADR-010","1.0.0","institutionally_closed","config\media\ADR-010-component.json","True","True","True"
"PCI-001","PCI-001","Auditoría del Índice Maestro","1.0.0","implemented_tested_and_candidate_for_closure","config\governance\PCI-001-component.json","True","True","True"
"PCI-001.1","PCI-001.1","Auditor Inteligente del Índice Maestro","1.0.0","implemented_tested_and_candidate_for_closure","config\governance\PCI-001.1-component.json","True","True","True"
"PCI-001.2","PCI-001.2","Institutional Master Index Synchronizer","1.0.0","implemented_tested_and_candidate_for_closure","config\governance\PCI-001.2-component.json","True","True","True"
"PCI-001.3","PCI-001.3","Institutional Registry Determinizer","1.0.0","implemented_tested_and_candidate_for_closure","config\governance\PCI-001.3-component.json","True","True","True"
"PCI-001.4","PCI-001.4","Institutional Closure Normalizer","1.0.0","implemented_tested_and_candidate_for_closure","config\governance\PCI-001.4-component.json","True","True","True"
"PCI-002","PCI-002","Institutional Consolidation Engine","1.2.1","implemented_tested_and_candidate_for_closure","config\governance\PCI-002-component.json","True","True","True"
"POL-001","POL-001","Uso Preferente de Tecnologías Gratuitas y de Código Abierto","1.0.2","implemented_tested_and_candidate_for_closure","config\policies\POL-001-component.json","True","True","True"
"SGD-114C","SGD-114C","Policy Governance Core","1.0.0","implemented","config\governance\SGD-114C-component.json","True","True","True"
"SGD-114D","SGD-114D","Adaptive Institutional Policy Engine","1.0.0","implemented","config\governance\SGD-114D-component.json","True","True","True"
"SGD-114D-v1.0.1","SGD-114D","Adaptive Release Canonical Resolver","1.0.1","implemented","config\governance\SGD-114D-v1.0.1-component.json","True","True","True"
"SGD-114E","SGD-114E","Native Ecosystem Architecture Policy","1.0.2","implemented","config\governance\SGD-114E-component.json","True","True","True"
"SGD-114E-C1","SGD-114E-C1","Native Ecosystem Validator Fix","1.0.0","implemented","config\governance\SGD-114E-C1-component.json","True","True","True"
"SGD-114E-v1.0.3","SGD-114E","Native Ecosystem Approval Logic Fix","1.0.3","implemented","config\governance\SGD-114E-v1.0.3-component.json","True","True","True"
"SGD-114E-v1.0.4","SGD-114E","Multi-Test-Path Invocation Fix","1.0.4","implemented","config\governance\SGD-114E-v1.0.4-component.json","True","True","True"
"SGD-114E-v1.0.5","SGD-114E","Backward Compatibility Result Model","1.0.5","implemented","config\governance\SGD-114E-v1.0.5-component.json","True","True","True"
"SGD-114E-v1.0.6","SGD-114E","Definitive Contract Restoration","1.0.6","implemented","config\governance\SGD-114E-v1.0.6-component.json","True","True","True"
"SGD-114E-v1.0.7","SGD-114E","Definitive Prevalidated Contract Closure","1.0.7","implemented","config\governance\SGD-114E-v1.0.7-component.json","True","True","True"
"SGD-114E-v2.0.0","SGD-114E","Definitive Native Ecosystem Validator","2.0.0","implemented","config\governance\SGD-114E-v2.0.0-component.json","True","True","True"
"SGD-114E-v2.0.0-R1","SGD-114E","Canonical Contract Closure","2.0.0-R1","implemented","config\governance\SGD-114E-v2.0.0-R1-component.json","True","True","True"
"SGD-114E-v2.0.0-R2.1","SGD-114E","Self Validation Closure","2.0.0-R2.1","implemented","config\governance\SGD-114E-v2.0.0-R2.1-component.json","True","True","True"
"SGD-114F","SGD-114F","Institutional Test Evidence Synchronizer","1.0.0","implemented","config\governance\SGD-114F-component.json","True","True","True"
"SGD-114G-v1.0.0","SGD-114G","Institutional Release Management Service","1.0.0","implemented","config\governance\SGD-114G-v1.0.0-component.json","True","True","True"
"SGD-114G-v1.0.1","SGD-114G","Legacy Manifest Migration and Canonical Closure","1.0.1","implemented","config\governance\SGD-114G-v1.0.1-component.json","True","True","True"
"SGD-114-policy-auditor","SGD-114-POLICY-AUDITOR","SGD-114 Policy Auditor","1.0.0","implemented","config\governance\SGD-114-policy-auditor-component.json","True","True","True"
"SGD-114-v2","SGD-114-V2","SGD-114-v2","2.0.0","institutionally_closed","config\governance\SGD-114-v2-component.json","True","True","True"
"SGD-115","SGD-115","Sistema Maestro de Documentación del Proyecto","1.0.0","technically_completed","config\governance\SGD-115-component.json","True","True","True"
"SGD-115A","SGD-115A","Documentation Canonical Component Resolver","1.0.0","implemented","config\documentation\SGD-115A-component.json","True","True","True"
"SGD-116","SGD-116","Roadmap Maestro Vivo del Ecosistema SGODA-PUINAVE","1.0.0","technically_completed","config\roadmap\SGD-116-component.json","True","True","True"
"SGD-116B","SGD-116B","Correctivo Institucional Único del Roadmap Maestro Vivo","2.0.0","technically_completed","config\roadmap\SGD-116B-component.json","True","True","True"
"SGD-117","SGD-117","Institutional Repository Manager","1.0.0","implemented_tested_and_officially_closed","config\governance\SGD-117-component.json","True","True","True"
"SIB-001","SIB-001","SGODA Installer Builder","0.1.0","technically_completed","config\installer_builder\SIB-001-component.json","True","True","True"
"SPB-007","SPB-007","SPB-007","1.0.0","technically_completed","config\repository\SPB-007-component.json","True","True","True"
"SPT-001B-P06","SPT-001B-P06","SPT-001B-P06","1.3.0","technically_completed","config\rlb\SPT-001B-P06-component.json","True","True","True"
"SPT-001B-P07","SPT-001B-P07","SPT-001B-P07","1.0.0","technically_completed","config\rlb\SPT-001B-P07-component.json","True","True","True"
"SPT-001B-P08","SPT-001B-P08","SPT-001B-P08","1.0.0","institutionally_closed","config\rlb\SPT-001B-P08-component.json","True","True","True"
"SPT-002","SPT-002","SPT-002","0.1.0","technically_completed","config\oda\SPT-002-component.json","True","True","True"
"SPT-003A","SPT-003A","SPT-003A","0.1.0","technically_completed","config\automation\SPT-003A-component.json","True","True","True"
"SPT-003B","SPT-003B","SPT-003B","0.1.0","technically_completed","config\automation\SPT-003B-component.json","True","True","True"
"SPT-003C","SPT-003C","Piloto Controlado de Proveedores Reales","0.1.0","technically_completed","config\automation\SPT-003C-component.json","True","True","True"
"SPT-004A","SPT-004A","Fundación del Asistente Inteligente Institucional","0.1.0","technically_completed","config\assistant\SPT-004A-component.json","True","True","True"
"SPT-005","SPT-005","Sistema de Identidad Cultural Configurable","0.1.0","technically_completed","config\identity\SPT-005-component.json","True","True","True"
"SPT-006","SPT-006","Pipeline Automatizado de Enriquecimiento Multimedia Multilingüe","0.1.0","technically_completed","config\enrichment\SPT-006-component.json","True","True","True"
"SPT-006A","SPT-006A","Motor Multilingüe Local, Gratuito y con Licencias Verificadas","0.2.0","technically_completed","config\language_engine\SPT-006A-component.json","True","True","True"
"SPT-007A","SPT-007A","Fundación del Motor Léxico Inteligente","0.1.0","implemented","config\lexical_engine\SPT-007A-component.json","True","True","True"
"SPT-007B","SPT-007B","Motor Léxico Inteligente Semántico","1.0.0","implemented","config\lexical_engine\SPT-007B-component.json","True","True","True"
"SPT-007C","SPT-007C","Motor de Conocimiento Lingüístico y Cultural","1.0.0","implemented","config\knowledge_engine\SPT-007C-component.json","True","True","True"
"SPT-007D","SPT-007D","Motor de Razonamiento Lingüístico","1.0.0","implemented","config\reasoning_engine\SPT-007D-component.json","True","True","True"
"SPT-008","SPT-008","Tutor Inteligente Puinave","1.0.0","implemented","config\tutor\SPT-008-component.json","True","True","True"
"SPT-009","SPT-009","Ecosistema Conversacional","1.0.0","implemented","config\conversation\SPT-009-component.json","True","True","True"
"SPT-010","SPT-010","Plataforma Digital Integrada","1.0.0","implemented","config\platform\SPT-010-component.json","True","True","True"
"SPT-011","SPT-011","Plataforma Operativa SGODA-PUINAVE","1.0.0","implemented","config\operational_platform\SPT-011-component.json","True","True","True"
"SPT-011A","SPT-011A","Institutional Evidence Closure","1.0.2","implemented","config\operational_platform\SPT-011A-component.json","True","True","True"
"SPT-012","SPT-012","Plataforma de Aprendizaje SGODA-PUINAVE","1.0.0","implemented","config\learning_platform\SPT-012-component.json","True","True","True"
"SPT-013A","SPT-013A","Learning Ecosystem Foundation","1.0.0","implemented","config\learning_foundation\SPT-013A-component.json","True","True","True"
"SPT-013B","SPT-013B","Gestor Institucional del Diccionario Digital","1.0.0","implemented","config\dictionary_manager\SPT-013B-component.json","True","True","True"
"SPT-014","SPT-014","Motor Multimedia Inteligente","1.0.0","implemented","config\multimedia_engine\SPT-014-component.json","True","True","True"
"SPT-015","SPT-015","Motor de Evaluación Adaptativa","1.0.0","implemented","config\adaptive_assessment\SPT-015-component.json","True","True","True"
"SPT-016","SPT-016","Motor de Analítica del Aprendizaje","1.0.0","implemented_tested_and_officially_closed","config\learning_analytics\SPT-016-component.json","True","True","True"
"SPT-016A","SPT-016A","Evidence Compatibility Patch","1.0.1","implemented","config\learning_analytics\SPT-016A-component.json","True","True","True"
"SPT-017","SPT-017","Centro de Conocimiento Puinave","1.0.0","implemented_tested_and_candidate_for_closure","config\puinave_knowledge_center\SPT-017-component.json","True","True","True"
"SPT-018","SPT-018","IA Pedagógica SGODA","1.0.0","implemented_tested_and_candidate_for_closure","config\pedagogical_ai\SPT-018-component.json","True","True","True"
"SPT-019.1","SPT-019.1","Workflow Engine Core","1.0.1","implemented_tested_and_candidate_for_integration","config\automation\SPT-019.1-component.json","True","True","True"
"SPT-019.2","SPT-019.2","Workflow Registry Manager","1.0.0","implemented_tested_and_candidate_for_integration","config\automation\SPT-019.2-component.json","True","True","True"
"SPT-020.1","SPT-020.1","Institutional Service Bus","1.0.0","UNDECLARED","config\platform\SPT-020.1-component.json","True","True","True"
"SPT-020.2","SPT-020.2","Component Lifecycle Manager","1.0.0","UNDECLARED","config\platform\SPT-020.2-component.json","True","True","True"
"SPT-020.3","SPT-020.3","Institutional Component Dependency Manager","1.0.0","UNDECLARED","config\platform\SPT-020.3-component.json","True","True","True"
"SPT-020.4","SPT-020.4","Institutional Event Bus","1.0.0","UNDECLARED","config\platform\SPT-020.4-component.json","True","True","True"
"SPT-020.5","SPT-020.5","Institutional Service Discovery and Registry","1.0.0","UNDECLARED","config\platform\SPT-020.5-component.json","True","True","True"
"SPT-020.6","SPT-020.6","Institutional Runtime Orchestrator","1.0.0","UNDECLARED","config\platform\SPT-020.6-component.json","True","True","True"
"SPT-020.7","SPT-020.7","Institutional Health Monitor","1.0.0","UNDECLARED","config\platform\SPT-020.7-component.json","True","True","True"
