"Project","Sequence","Segment","ID","Bytes","SHA256","SourceQG","MappingStatus"
"1","1","SEG-001.wav","000001","32430","C0E1F9B1882B564CBF7AB7BDD7DE16F0514DC3B93550E094F8CD8E351BCC8D08","REAL-523.0Q","PASS"
"1","2","SEG-002.wav","000002","45582","7275389C32A91BC2F9F2F737645FB32C7069E86919D24121BE8E90BD3A1353B8","REAL-523.0Q","PASS"
"1","3","SEG-003.wav","000003","48558","838421FE997D6B78863574D62AA1E800A37E9DA245AF55C824EC03BFB0AC5D39","REAL-523.0Q","PASS"
"1","4","SEG-004.wav","000004","140910","CB58483153EE43457F2D164C67716AE4D1A21787ADE9E5072BE00F8590A1ABD7","REAL-523.0Q","PASS"
"1","5","SEG-005.wav","000005","135342","23E9677BD3A7576F0AD0BDC5A9F771DD8A929B640E7D1D430BA88A3232A63397","REAL-523.0Q","PASS"
"1","6","SEG-006.wav","000006","97614","2CA32930444D85DC786ACE8A10BC428BD5EF23D050AA4353A525A8B3374A7FF5","REAL-523.0Q","PASS"
"1","7","SEG-007.wav","000007","48846","D5BCEB47C9800D1751C6A3E5BFC3C545C7EF6B82F1D4F1602EE7AC7EBEE492AB","REAL-523.0Q","PASS"
"1","8","SEG-008.wav","000008","92430","16AA1A99824867F9B8F12CBEC3C676311F699F3C4F683FA32D0180D5CA5C5FAF","REAL-523.0Q","PASS"
"1","9","SEG-009.wav","000009","41550","27C777E2A26E04164B55692DD200F3744F35032AB44DD94760ECFA6E5DC5FFF6","REAL-523.0Q","PASS"
"1","10","SEG-010.wav","000010","52302","676CAB57DCDB4652EAA5088C492241B25D5EF751343208520FEDC6C2DD3ACA11","REAL-523.0Q","PASS"
"1","11","SEG-011.wav","000011","42030","8769ED5AD50D5BB7CA366A28B63993CC086074828ABCF77FDB63FC3682098C28","REAL-523.0Q","PASS"
"1","12","SEG-012.wav","000012","41934","DF99E8F351C4F2F1EF797C9821FA2404E27DF7BAD0D54EB59AC9BE34EBE4DA85","REAL-523.0Q","PASS"
"1","13","SEG-013.wav","000013","60654","11A4179EC5F906C9CE0E2B9228EAEF4DD3DBCC51D7D4B90BBC8C1BA99EE53894","REAL-523.0Q","PASS"
"1","14","SEG-014.wav","000014","50094","DDB42D69F033B9CB0F58F29BEA4FD033F1F264F860AB98FF00BC85F92559726C","REAL-523.0Q","PASS"
"1","15","SEG-015.wav","000015","83022","C66416B4889A24C3E3E86B1A9D50A2DAF63019D7C75B1DE77F761393294EB776","REAL-523.0Q","PASS"
"1","16","SEG-016.wav","000016","60558","660B16E8549278B563940A1A3802D63B7B550468B5906CB47AC0011E4DB7BC15","REAL-523.0Q","PASS"
"1","17","SEG-017.wav","000017","51438","D940E7692E501480CB3825401B8F29C6C335808D0B519FF90E3871C6C3F2530C","REAL-523.0Q","PASS"
"1","18","SEG-018.wav","000018","77070","F597C4D2D11205694165D4989A06F24E161C23925D98DBA2DD8A4178BE6C71D2","REAL-523.0Q","PASS"
"1","19","SEG-019.wav","000019","60270","23725C7586CEA9C0FD0968881DA3FE524F7C8E46E33E71589BC61FCF9A84701C","REAL-523.0Q","PASS"
"1","20","SEG-020.wav","000020","69198","FA1C1872BF72450DA1FC35391A4777F41195EAC3EC66EBD28EA58147921E1965","REAL-523.0Q","PASS"
