path,encoding,utf8_valid,bom,mojibake,replacement_character,newline_style,status,detail
1. Instalación de repositorio GitHu.txt,UTF-8,True,False,False,False,CRLF,COMPLIANT,ok
APLICAR_SPB-003.2_PGD_PMO.ps1,UTF-8,True,False,False,False,LF,COMPLIANT,ok
Apply-MMGR001.ps1,UTF-8,True,False,False,False,LF,COMPLIANT,ok
Apply-MMGR001A.ps1,UTF-8,True,False,False,False,LF,COMPLIANT,ok
Apply-SPB0032-B1.3.ps1,UTF-8,True,False,False,False,LF,COMPLIANT,ok
Apply-SPB0032-B1.4.ps1,UTF-8,True,False,False,False,MIXED,COMPLIANT,ok
Apply-SPB0052-TestSuiteAudit.ps1,UTF-8,True,False,False,False,LF,COMPLIANT,ok
Apply-SPB0053-UTF8RepositoryStandard-v1.4.ps1,UTF-8,True,False,False,False,LF,COMPLIANT,ok
CHANGELOG.md,UTF-8,True,False,False,False,LF,COMPLIANT,ok
Collect-SPB0032-B1.3A-Baseline.ps1,UTF-8,True,False,False,False,LF,COMPLIANT,ok
Install-SPB0032RepositoryAuditor.ps1,UTF-8,True,False,False,False,LF,COMPLIANT,ok
INSTRUCCIONES-SPB0032-Auditor.md,UTF-8,True,False,False,False,LF,COMPLIANT,ok
README.md,UTF-8,True,False,False,False,CRLF,COMPLIANT,ok
README_INSTALACION_SPB-003.2_PGD_PMO.md,UTF-8,True,False,False,False,LF,COMPLIANT,ok
Refactor-SPB0032-ModularRepositoryAuditor.ps1,UTF-8,True,False,False,False,LF,COMPLIANT,ok
requirements.txt,UTF-8,True,False,False,False,MIXED,COMPLIANT,ok
Rollback-SPB0032-B1.3.ps1,UTF-8,True,False,False,False,LF,COMPLIANT,ok
Stage-SPB0032-B1.4.ps1,UTF-8,True,False,False,False,CRLF,COMPLIANT,ok
Start-SPB0032-Closure.backup.ps1,UTF-8,True,False,False,False,LF,COMPLIANT,ok
Start-SPB0032-Closure.ps1,UTF-8,True,False,False,False,LF,COMPLIANT,ok
Upgrade-SPB0032-NativeAuditor-AutoClosure.ps1,UTF-8,True,False,False,False,LF,COMPLIANT,ok
Verify-SPB0032-B1.3.ps1,UTF-8,True,False,False,False,LF,COMPLIANT,ok
Verify-SPB0032-B1.4.ps1,UTF-8,True,False,False,False,CRLF,COMPLIANT,ok
.vscode/settings.json,UTF-8,True,False,False,False,CRLF,COMPLIANT,ok
builder/pyproject.toml,UTF-8,True,False,False,False,LF,COMPLIANT,ok
builder/README.md,UTF-8,True,False,False,False,LF,COMPLIANT,ok
builder/reporte_consolidado.html,UTF-8,True,False,False,False,CRLF,COMPLIANT,ok
builder/reporte_consolidado.md,UTF-8,True,False,False,False,CRLF,COMPLIANT,ok
builder/requirements.txt,UTF-8,True,False,False,False,CRLF,COMPLIANT,ok
builder_backup/pyproject.toml,UTF-8,True,False,False,False,LF,COMPLIANT,ok
builder_backup_20260713_175707/builder.py,UTF-8,True,False,False,False,CRLF,COMPLIANT,ok
builder_backup_20260713_175707/pyproject.toml,UTF-8,True,False,False,False,CRLF,COMPLIANT,ok
builder_backup_20260713_175707/README.md,UTF-8,True,False,False,False,CRLF,COMPLIANT,ok
builder_backup_20260713_175707/requirements.txt,UTF-8,True,False,False,False,CRLF,COMPLIANT,ok
knowledge/project_model.json,UTF-8,True,False,False,False,LF,COMPLIANT,ok
scripts/audit_spb_003_2.py,UTF-8,True,False,False,False,MIXED,COMPLIANT,ok
scripts/Install-SPB0051-F001.ps1,UTF-8,True,False,False,False,LF,COMPLIANT,ok
scripts/Invoke-SPB0032-ModularAudit.ps1,UTF-8,True,False,False,False,LF,COMPLIANT,ok
scripts/Invoke-SPB0032ClosureGate.ps1,UTF-8,True,False,False,False,LF,COMPLIANT,ok
scripts/Start-SGODA.ps1,UTF-8,True,False,False,False,MIXED,COMPLIANT,ok
scripts/Test-SPB0051-F001.ps1,UTF-8,True,False,False,False,MIXED,COMPLIANT,ok
SGODA-PUINAVE/1. Instalación de repositorio GitHu.txt,UTF-8,True,False,False,False,CRLF,COMPLIANT,ok
tests/test_pmo_governance_platform.py,UTF-8,True,False,False,False,LF,COMPLIANT,ok
tests/test_spb_003_2_closure.py,UTF-8,True,False,False,False,LF,COMPLIANT,ok
tests/test_spb_005_1_foundation_runtime.py,UTF-8,True,False,False,False,MIXED,COMPLIANT,ok
tests/test_spb_005_2_platform_kernel.py,UTF-8,True,False,False,False,MIXED,COMPLIANT,ok
tests/pmo/audit/conftest.py,UTF-8,True,False,False,False,LF,COMPLIANT,ok
tests/pmo/audit/test_b1_3_quality.py,UTF-8,True,False,False,False,LF,COMPLIANT,ok
tests/pmo/audit/test_modular_auditor.py,UTF-8,True,False,False,False,LF,COMPLIANT,ok
tests/pmo/audit/test_native_repository_auditor.py,UTF-8,True,False,False,False,MIXED,COMPLIANT,ok
tests/pmo/utf8/test_repository_utf8.py,UTF-8,True,False,False,False,LF,COMPLIANT,ok
tests/pmo/repository/mmgr/test_models.py,UTF-8,True,False,False,False,LF,COMPLIANT,ok
src/sgoda/main.py,UTF-8,True,False,False,False,MIXED,COMPLIANT,ok
src/sgoda/__init__.py,UTF-8,True,False,False,False,CRLF,COMPLIANT,ok
src/sgoda/api/kernel_routes.py,UTF-8,True,False,False,False,MIXED,COMPLIANT,ok
src/sgoda/api/routes.py,UTF-8,True,False,False,False,MIXED,COMPLIANT,ok
src/sgoda/api/__init__.py,UTF-8,True,False,False,False,CRLF,COMPLIANT,ok
src/sgoda/core/config.py,UTF-8,True,False,False,False,MIXED,COMPLIANT,ok
src/sgoda/core/__init__.py,UTF-8,True,False,False,False,CRLF,COMPLIANT,ok
src/sgoda/kernel/application.py,UTF-8,True,False,False,False,MIXED,COMPLIANT,ok
src/sgoda/kernel/audit.py,UTF-8,True,False,False,False,MIXED,COMPLIANT,ok
src/sgoda/kernel/metadata.py,UTF-8,True,False,False,False,MIXED,COMPLIANT,ok
src/sgoda/kernel/models.py,UTF-8,True,False,False,False,MIXED,COMPLIANT,ok
src/sgoda/kernel/modules.py,UTF-8,True,False,False,False,MIXED,COMPLIANT,ok
src/sgoda/kernel/registry.py,UTF-8,True,False,False,False,MIXED,COMPLIANT,ok
src/sgoda/kernel/__init__.py,UTF-8,True,False,False,False,MIXED,COMPLIANT,ok
src/sgoda/pmo/__init__.py,UTF-8,True,False,False,False,LF,COMPLIANT,ok
src/sgoda/pmo/audit/cli.py,UTF-8,True,False,False,False,LF,COMPLIANT,ok
src/sgoda/pmo/audit/context.py,UTF-8,True,False,False,False,LF,COMPLIANT,ok
src/sgoda/pmo/audit/models.py,UTF-8,True,False,False,False,LF,COMPLIANT,ok
src/sgoda/pmo/audit/native_repository_auditor.py,UTF-8,True,False,False,False,LF,COMPLIANT,ok
src/sgoda/pmo/audit/orchestrator.py,UTF-8,True,False,False,False,LF,COMPLIANT,ok
src/sgoda/pmo/audit/service.py,UTF-8,True,False,False,False,LF,COMPLIANT,ok
src/sgoda/pmo/audit/__init__.py,UTF-8,True,False,False,False,LF,COMPLIANT,ok
src/sgoda/pmo/closure/closure_orchestrator.py,UTF-8,True,False,False,False,LF,COMPLIANT,ok
src/sgoda/pmo/closure/__init__.py,UTF-8,True,False,False,False,LF,COMPLIANT,ok
src/sgoda/pmo/domain/enums.py,UTF-8,True,False,False,False,LF,COMPLIANT,ok
src/sgoda/pmo/domain/identifiers.py,UTF-8,True,False,False,False,LF,COMPLIANT,ok
src/sgoda/pmo/domain/models.py,UTF-8,True,False,False,False,LF,COMPLIANT,ok
src/sgoda/pmo/domain/__init__.py,UTF-8,True,False,False,False,LF,COMPLIANT,ok
src/sgoda/pmo/generators/html.py,UTF-8,True,False,False,False,LF,COMPLIANT,ok
src/sgoda/pmo/generators/markdown.py,UTF-8,True,False,False,False,LF,COMPLIANT,ok
src/sgoda/pmo/generators/__init__.py,UTF-8,True,False,False,False,LF,COMPLIANT,ok
src/sgoda/pmo/governance/validation.py,UTF-8,True,False,False,False,LF,COMPLIANT,ok
src/sgoda/pmo/governance/__init__.py,UTF-8,True,False,False,False,LF,COMPLIANT,ok
src/sgoda/pmo/repository/json_repository.py,UTF-8,True,False,False,False,LF,COMPLIANT,ok
src/sgoda/pmo/repository/__init__.py,UTF-8,True,False,False,False,LF,COMPLIANT,ok
src/sgoda/pmo/utf8/repository_utf8.py,UTF-8,True,False,False,False,LF,COMPLIANT,ok
src/sgoda/pmo/utf8/__init__.py,UTF-8,True,False,False,False,NONE,COMPLIANT,ok
src/sgoda/pmo/repository/mmgr/models.py,UTF-8,True,False,False,False,LF,COMPLIANT,ok
src/sgoda/pmo/repository/mmgr/__init__.py,UTF-8,True,False,False,False,LF,COMPLIANT,ok
src/sgoda/pmo/audit/checks/base.py,UTF-8,True,False,False,False,LF,COMPLIANT,ok
src/sgoda/pmo/audit/checks/documentation.py,UTF-8,True,False,False,False,LF,COMPLIANT,ok
src/sgoda/pmo/audit/checks/git_repository.py,UTF-8,True,False,False,False,LF,COMPLIANT,ok
src/sgoda/pmo/audit/checks/nomenclature.py,UTF-8,True,False,False,False,LF,COMPLIANT,ok
src/sgoda/pmo/audit/checks/quality.py,UTF-8,True,False,False,False,MIXED,COMPLIANT,ok
src/sgoda/pmo/audit/checks/structure.py,UTF-8,True,False,False,False,LF,COMPLIANT,ok
src/sgoda/pmo/audit/checks/tests_inventory.py,UTF-8,True,False,False,False,LF,COMPLIANT,ok
src/sgoda/pmo/audit/checks/traceability.py,UTF-8,True,False,False,False,LF,COMPLIANT,ok
src/sgoda/pmo/audit/checks/__init__.py,UTF-8,True,False,False,False,LF,COMPLIANT,ok
src/sgoda/pmo/audit/reporting/reporters.py,UTF-8,True,False,False,False,LF,COMPLIANT,ok
src/sgoda/pmo/audit/reporting/__init__.py,UTF-8,True,False,False,False,NONE,COMPLIANT,ok
SGODA-PUINAVE/builder/pyproject.toml,UTF-8,True,False,False,False,CRLF,COMPLIANT,ok
SGODA-PUINAVE/builder/README.md,UTF-8,True,False,False,False,CRLF,COMPLIANT,ok
SGODA-PUINAVE/builder/requirements.txt,UTF-8,True,False,False,False,CRLF,COMPLIANT,ok
SGODA-PUINAVE/docs/03_ADR/ADR-001-Repositorio-GitHub.md,UTF-8,True,False,False,False,NONE,COMPLIANT,ok
SGODA-PUINAVE/docs/03_ADR/ADR-002-Uso-de-PostgreSQL.md,UTF-8,True,False,False,False,NONE,COMPLIANT,ok
SGODA-PUINAVE/docs/03_ADR/ADR-003-Uso-de-FastAPI.md,UTF-8,True,False,False,False,NONE,COMPLIANT,ok
SGODA-PUINAVE/docs/03_ADR/ADR-004-Uso-de-Flutter.md,UTF-8,True,False,False,False,NONE,COMPLIANT,ok
SGODA-PUINAVE/docs/03_ADR/ADR-005-Uso-de-JSON.md,UTF-8,True,False,False,False,NONE,COMPLIANT,ok
SGODA-PUINAVE/docs/03_ADR/ADR-006-RLB-como-fuente-de-datos.md,UTF-8,True,False,False,False,NONE,COMPLIANT,ok
SGODA-PUINAVE/docs/03_ADR/ADR-007-Uso-de-n8n.md,UTF-8,True,False,False,False,NONE,COMPLIANT,ok
SGODA-PUINAVE/docs/03_ADR/ADR-008-Modelo-ODA.md,UTF-8,True,False,False,False,NONE,COMPLIANT,ok
SGODA-PUINAVE/builder/tests/test_cli.py,UTF-8,True,False,False,False,CRLF,COMPLIANT,ok
SGODA-PUINAVE/builder/tests/test_core.py,UTF-8,True,False,False,False,CRLF,COMPLIANT,ok
SGODA-PUINAVE/builder/src/sgoda/__init__.py,UTF-8,True,False,False,False,CRLF,COMPLIANT,ok
SGODA-PUINAVE/builder/src/sgoda/__main__.py,UTF-8,True,False,False,False,CRLF,COMPLIANT,ok
SGODA-PUINAVE/builder/src/sgoda/cli/commands.py,UTF-8,True,False,False,False,CRLF,COMPLIANT,ok
SGODA-PUINAVE/builder/src/sgoda/cli/main.py,UTF-8,True,False,False,False,CRLF,COMPLIANT,ok
SGODA-PUINAVE/builder/src/sgoda/cli/__init__.py,UTF-8,True,False,False,False,CRLF,COMPLIANT,ok
SGODA-PUINAVE/builder/src/sgoda/core/config.py,UTF-8,True,False,False,False,CRLF,COMPLIANT,ok
SGODA-PUINAVE/builder/src/sgoda/core/constants.py,UTF-8,True,False,False,False,CRLF,COMPLIANT,ok
SGODA-PUINAVE/builder/src/sgoda/core/project.py,UTF-8,True,False,False,False,CRLF,COMPLIANT,ok
SGODA-PUINAVE/builder/src/sgoda/core/__init__.py,UTF-8,True,False,False,False,CRLF,COMPLIANT,ok
SGODA-PUINAVE/builder/src/sgoda/generators/folders.py,UTF-8,True,False,False,False,CRLF,COMPLIANT,ok
SGODA-PUINAVE/builder/src/sgoda/generators/__init__.py,UTF-8,True,False,False,False,CRLF,COMPLIANT,ok
SGODA-PUINAVE/builder/src/sgoda/validators/doctor.py,UTF-8,True,False,False,False,CRLF,COMPLIANT,ok
SGODA-PUINAVE/builder/src/sgoda/validators/project.py,UTF-8,True,False,False,False,CRLF,COMPLIANT,ok
SGODA-PUINAVE/builder/src/sgoda/validators/__init__.py,UTF-8,True,False,False,False,CRLF,COMPLIANT,ok
scripts/pmo/generate_governance_platform.py,UTF-8,True,False,False,False,LF,COMPLIANT,ok
docs/00_DMP/DMP_v2.0.md,UTF-8,True,False,False,False,LF,COMPLIANT,ok
docs/01_Gobierno/Auditor-Nativo-Repositorio.md,UTF-8,True,False,False,False,LF,COMPLIANT,ok
docs/01_Gobierno/SGD-100-Norma-Institucional-Nomenclatura.md,UTF-8,True,False,False,False,LF,COMPLIANT,ok
docs/01_PMO/Arquitectura_PGD_PMO.md,UTF-8,True,False,False,False,LF,COMPLIANT,ok
docs/01_PMO/Automatizacion.md,UTF-8,True,False,False,False,LF,COMPLIANT,ok
docs/01_PMO/Documento_Tecnico_PMO_Digital.md,UTF-8,True,False,False,False,LF,COMPLIANT,ok
docs/01_PMO/Gobierno.md,UTF-8,True,False,False,False,LF,COMPLIANT,ok
docs/01_PMO/Manual_Operacion_PMO.md,UTF-8,True,False,False,False,LF,COMPLIANT,ok
docs/01_PMO/Modelo_Datos.md,UTF-8,True,False,False,False,LF,COMPLIANT,ok
docs/03_ADR/ADR-001-Repositorio-GitHub.md,UTF-8,True,False,False,False,NONE,COMPLIANT,ok
docs/03_ADR/ADR-002-Uso-de-PostgreSQL.md,UTF-8,True,False,False,False,NONE,COMPLIANT,ok
docs/03_ADR/ADR-003-Uso-de-FastAPI.md,UTF-8,True,False,False,False,NONE,COMPLIANT,ok
docs/03_ADR/ADR-004-Uso-de-Flutter.md,UTF-8,True,False,False,False,NONE,COMPLIANT,ok
docs/03_ADR/ADR-005-Uso-de-JSON.md,UTF-8,True,False,False,False,NONE,COMPLIANT,ok
docs/03_ADR/ADR-006-RLB-como-fuente-de-datos.md,UTF-8,True,False,False,False,NONE,COMPLIANT,ok
docs/03_ADR/ADR-007-Uso-de-n8n.md,UTF-8,True,False,False,False,NONE,COMPLIANT,ok
docs/03_ADR/ADR-008-Modelo-ODA.md,UTF-8,True,False,False,False,NONE,COMPLIANT,ok
docs/03_ADR/ADR-009-UTF8-Repository-Standard.md,UTF-8,True,False,False,False,LF,COMPLIANT,ok
docs/05_Auditoria/SGD-401-Arquitectura-Auditor-Modular.md,UTF-8,True,False,False,False,LF,COMPLIANT,ok
docs/08_Entregables/Catalogo_Ejecutivo_Entregables.md,UTF-8,True,False,False,False,LF,COMPLIANT,ok
docs/08_Entregables/Matriz_Maestra_Seguimiento_SGODA-PUINAVE.md,UTF-8,True,False,False,False,LF,COMPLIANT,ok
docs/Dashboard/dashboard_ejecutivo.html,UTF-8,True,False,False,False,LF,COMPLIANT,ok
docs/Dashboard/Dashboard_Ejecutivo.md,UTF-8,True,False,False,False,LF,COMPLIANT,ok
docs/Reportes/Informe_Ejecutivo_Direccion.md,UTF-8,True,False,False,False,LF,COMPLIANT,ok
docs/standards/UTF8-Repository-Standard.md,UTF-8,True,False,False,False,LF,COMPLIANT,ok
docs/04_GOBIERNO/SPB-003.2/SPB-003.2.10-Orquestador-Cierre.md,UTF-8,True,False,False,False,LF,COMPLIANT,ok
builder_backup_20260713_175707/cli/__init__.py,UTF-8,True,False,False,False,NONE,COMPLIANT,ok
builder_backup_20260713_175707/core/config.py,UTF-8,True,False,False,False,NONE,COMPLIANT,ok
builder_backup_20260713_175707/core/constants.py,UTF-8,True,False,False,False,NONE,COMPLIANT,ok
builder_backup_20260713_175707/core/project.py,UTF-8,True,False,False,False,CRLF,COMPLIANT,ok
builder_backup_20260713_175707/core/__init__.py,UTF-8,True,False,False,False,NONE,COMPLIANT,ok
builder_backup_20260713_175707/generators/__init__.py,UTF-8,True,False,False,False,NONE,COMPLIANT,ok
builder_backup_20260713_175707/validators/__init__.py,UTF-8,True,False,False,False,NONE,COMPLIANT,ok
builder_backup_20260713_175707/src/sgoda/__init__.py,UTF-8,True,False,False,False,CRLF,COMPLIANT,ok
builder_backup_20260713_175707/src/sgoda/cli/__init__.py,UTF-8,True,False,False,False,NONE,COMPLIANT,ok
builder_backup_20260713_175707/src/sgoda/core/config.py,UTF-8,True,False,False,False,MIXED,COMPLIANT,ok
builder_backup_20260713_175707/src/sgoda/core/constants.py,UTF-8,True,False,False,False,CRLF,COMPLIANT,ok
builder_backup_20260713_175707/src/sgoda/core/__init__.py,UTF-8,True,False,False,False,MIXED,COMPLIANT,ok
builder_backup_20260713_175707/src/sgoda/generators/__init__.py,UTF-8,True,False,False,False,NONE,COMPLIANT,ok
builder/catalog_plugin/plugin.py,UTF-8,True,False,False,False,MIXED,COMPLIANT,ok
builder/catalog_plugin/sgoda.plugin.json,UTF-8,True,False,False,False,MIXED,COMPLIANT,ok
builder/catalog_template/sgoda.template.json,UTF-8,True,False,False,False,MIXED,COMPLIANT,ok
builder/scripts/ci_smoke_test.py,UTF-8,True,False,False,False,LF,COMPLIANT,ok
builder/scripts/package_smoke_test.py,UTF-8,True,False,False,False,LF,COMPLIANT,ok
builder/scripts/validate_release.py,UTF-8,True,False,False,False,LF,COMPLIANT,ok
builder/tests/test_audit.py,UTF-8,True,False,False,False,LF,COMPLIANT,ok
builder/tests/test_audit_reports.py,UTF-8,True,False,False,False,LF,COMPLIANT,ok
builder/tests/test_bundle_cli.py,UTF-8,True,False,False,False,LF,COMPLIANT,ok
builder/tests/test_bundle_executor.py,UTF-8,True,False,False,False,LF,COMPLIANT,ok
builder/tests/test_bundle_history.py,UTF-8,True,False,False,False,LF,COMPLIANT,ok
builder/tests/test_bundle_rollback.py,UTF-8,True,False,False,False,LF,COMPLIANT,ok
builder/tests/test_bundle_service.py,UTF-8,True,False,False,False,LF,COMPLIANT,ok
builder/tests/test_bundle_store.py,UTF-8,True,False,False,False,LF,COMPLIANT,ok
builder/tests/test_catalog_cli.py,UTF-8,True,False,False,False,LF,COMPLIANT,ok
builder/tests/test_catalog_history.py,UTF-8,True,False,False,False,LF,COMPLIANT,ok
builder/tests/test_catalog_service.py,UTF-8,True,False,False,False,LF,COMPLIANT,ok
builder/tests/test_catalog_store.py,UTF-8,True,False,False,False,LF,COMPLIANT,ok
builder/tests/test_ci_configuration.py,UTF-8,True,False,False,False,LF,COMPLIANT,ok
builder/tests/test_cli.py,UTF-8,True,False,False,False,LF,COMPLIANT,ok
builder/tests/test_component_dependencies.py,UTF-8,True,False,False,False,LF,COMPLIANT,ok
builder/tests/test_component_generator.py,UTF-8,True,False,False,False,CRLF,COMPLIANT,ok
builder/tests/test_consolidated_report.py,UTF-8,True,False,False,False,LF,COMPLIANT,ok
builder/tests/test_core.py,UTF-8,True,False,False,False,CRLF,COMPLIANT,ok
builder/tests/test_delivery_b.py,UTF-8,True,False,False,False,CRLF,COMPLIANT,ok
builder/tests/test_delivery_c.py,UTF-8,True,False,False,False,LF,COMPLIANT,ok
builder/tests/test_dmp_domain.py,UTF-8,True,False,False,False,CRLF,COMPLIANT,ok
builder/tests/test_dmp_lifecycle.py,UTF-8,True,False,False,False,LF,COMPLIANT,ok
builder/tests/test_dmp_registry.py,UTF-8,True,False,False,False,LF,COMPLIANT,ok
builder/tests/test_event_models.py,UTF-8,True,False,False,False,LF,COMPLIANT,ok
builder/tests/test_export_import.py,UTF-8,True,False,False,False,LF,COMPLIANT,ok
builder/tests/test_export_import_cli.py,UTF-8,True,False,False,False,LF,COMPLIANT,ok
builder/tests/test_export_integrity.py,UTF-8,True,False,False,False,MIXED,COMPLIANT,ok
builder/tests/test_extension_registry.py,UTF-8,True,False,False,False,LF,COMPLIANT,ok
builder/tests/test_extension_validator.py,UTF-8,True,False,False,False,LF,COMPLIANT,ok
builder/tests/test_fair_care_rules.py,UTF-8,True,False,False,False,LF,COMPLIANT,ok
builder/tests/test_governance_exceptions.py,UTF-8,True,False,False,False,CRLF,COMPLIANT,ok
builder/tests/test_governance_governance_service.py,UTF-8,True,False,False,False,CRLF,COMPLIANT,ok
builder/tests/test_governance_models.py,UTF-8,True,False,False,False,CRLF,COMPLIANT,ok
builder/tests/test_governance_policy_engine.py,UTF-8,True,False,False,False,CRLF,COMPLIANT,ok
builder/tests/test_governance_policy_loader.py,UTF-8,True,False,False,False,CRLF,COMPLIANT,ok
builder/tests/test_governance_policy_repository.py,UTF-8,True,False,False,False,CRLF,COMPLIANT,ok
builder/tests/test_governance_policy_validator.py,UTF-8,True,False,False,False,CRLF,COMPLIANT,ok
builder/tests/test_governance_results.py,UTF-8,True,False,False,False,CRLF,COMPLIANT,ok
builder/tests/test_governance_rules.py,UTF-8,True,False,False,False,LF,COMPLIANT,ok
builder/tests/test_governance_rule_evaluator.py,UTF-8,True,False,False,False,CRLF,COMPLIANT,ok
builder/tests/test_governance_serializers.py,UTF-8,True,False,False,False,NONE,COMPLIANT,ok
builder/tests/test_history_cli.py,UTF-8,True,False,False,False,LF,COMPLIANT,ok
builder/tests/test_history_instrumentation.py,UTF-8,True,False,False,False,LF,COMPLIANT,ok
builder/tests/test_history_serializers.py,UTF-8,True,False,False,False,LF,COMPLIANT,ok
builder/tests/test_history_store.py,UTF-8,True,False,False,False,LF,COMPLIANT,ok
builder/tests/test_index_cli.py,UTF-8,True,False,False,False,LF,COMPLIANT,ok
builder/tests/test_index_models_serializers.py,UTF-8,True,False,False,False,LF,COMPLIANT,ok
builder/tests/test_index_store.py,UTF-8,True,False,False,False,LF,COMPLIANT,ok
builder/tests/test_index_validator.py,UTF-8,True,False,False,False,LF,COMPLIANT,ok
builder/tests/test_initializer.py,UTF-8,True,False,False,False,CRLF,COMPLIANT,ok
builder/tests/test_lifecycle_backup.py,UTF-8,True,False,False,False,LF,COMPLIANT,ok
builder/tests/test_lifecycle_cli.py,UTF-8,True,False,False,False,LF,COMPLIANT,ok
builder/tests/test_lifecycle_migration.py,UTF-8,True,False,False,False,LF,COMPLIANT,ok
builder/tests/test_operation_collector.py,UTF-8,True,False,False,False,LF,COMPLIANT,ok
builder/tests/test_operation_health.py,UTF-8,True,False,False,False,LF,COMPLIANT,ok
builder/tests/test_operation_serializers.py,UTF-8,True,False,False,False,LF,COMPLIANT,ok
builder/tests/test_package_metadata.py,UTF-8,True,False,False,False,LF,COMPLIANT,ok
builder/tests/test_plugin_compatibility.py,UTF-8,True,False,False,False,LF,COMPLIANT,ok
builder/tests/test_plugin_dependencies.py,UTF-8,True,False,False,False,LF,COMPLIANT,ok
builder/tests/test_plugin_doctor.py,UTF-8,True,False,False,False,LF,COMPLIANT,ok
builder/tests/test_plugin_integrity.py,UTF-8,True,False,False,False,LF,COMPLIANT,ok
builder/tests/test_plugin_integrity_doctor.py,UTF-8,True,False,False,False,LF,COMPLIANT,ok
builder/tests/test_plugin_integrity_history.py,UTF-8,True,False,False,False,LF,COMPLIANT,ok
builder/tests/test_plugin_state.py,UTF-8,True,False,False,False,LF,COMPLIANT,ok
builder/tests/test_plugin_template_cli.py,UTF-8,True,False,False,False,LF,COMPLIANT,ok
builder/tests/test_plugin_update.py,UTF-8,True,False,False,False,LF,COMPLIANT,ok
builder/tests/test_plugin_update_history.py,UTF-8,True,False,False,False,LF,COMPLIANT,ok
builder/tests/test_plugin_update_rollback.py,UTF-8,True,False,False,False,LF,COMPLIANT,ok
builder/tests/test_quality_rules.py,UTF-8,True,False,False,False,LF,COMPLIANT,ok
builder/tests/test_release_configuration.py,UTF-8,True,False,False,False,LF,COMPLIANT,ok
builder/tests/test_repair.py,UTF-8,True,False,False,False,LF,COMPLIANT,ok
builder/tests/test_report_cli.py,UTF-8,True,False,False,False,LF,COMPLIANT,ok
builder/tests/test_report_html.py,UTF-8,True,False,False,False,LF,COMPLIANT,ok
builder/tests/test_report_html_markdown.py,UTF-8,True,False,False,False,LF,COMPLIANT,ok
builder/tests/test_report_models.py,UTF-8,True,False,False,False,LF,COMPLIANT,ok
builder/tests/test_report_profiles.py,UTF-8,True,False,False,False,LF,COMPLIANT,ok
builder/tests/test_report_serializers.py,UTF-8,True,False,False,False,LF,COMPLIANT,ok
builder/tests/test_repository_cli.py,UTF-8,True,False,False,False,LF,COMPLIANT,ok
builder/tests/test_repository_history.py,UTF-8,True,False,False,False,LF,COMPLIANT,ok
builder/tests/test_repository_service.py,UTF-8,True,False,False,False,LF,COMPLIANT,ok
builder/tests/test_repository_store.py,UTF-8,True,False,False,False,LF,COMPLIANT,ok
builder/tests/test_repository_validator.py,UTF-8,True,False,False,False,LF,COMPLIANT,ok
builder/tests/test_semver_release.py,UTF-8,True,False,False,False,LF,COMPLIANT,ok
builder/tests/test_status_cli.py,UTF-8,True,False,False,False,LF,COMPLIANT,ok
builder/tests/test_strict_quality.py,UTF-8,True,False,False,False,LF,COMPLIANT,ok
builder/tests/test_sync_client.py,UTF-8,True,False,False,False,LF,COMPLIANT,ok
builder/tests/test_sync_service.py,UTF-8,True,False,False,False,LF,COMPLIANT,ok
builder/tests/test_template_advanced_validator.py,UTF-8,True,False,False,False,LF,COMPLIANT,ok
builder/tests/test_template_doctor.py,UTF-8,True,False,False,False,LF,COMPLIANT,ok
builder/tests/test_template_history.py,UTF-8,True,False,False,False,LF,COMPLIANT,ok
builder/tests/test_template_integrity.py,UTF-8,True,False,False,False,LF,COMPLIANT,ok
builder/tests/test_template_integrity_doctor.py,UTF-8,True,False,False,False,LF,COMPLIANT,ok
builder/tests/test_template_integrity_history.py,UTF-8,True,False,False,False,LF,COMPLIANT,ok
builder/tests/test_template_state.py,UTF-8,True,False,False,False,LF,COMPLIANT,ok
builder/tests/test_template_update.py,UTF-8,True,False,False,False,LF,COMPLIANT,ok
builder/tests/test_template_update_history.py,UTF-8,True,False,False,False,LF,COMPLIANT,ok
builder/tests/test_template_update_rollback.py,UTF-8,True,False,False,False,LF,COMPLIANT,ok
builder/tests/test_template_versions.py,UTF-8,True,False,False,False,LF,COMPLIANT,ok
builder/tests/test_version_audit_c.py,UTF-8,True,False,False,False,MIXED,COMPLIANT,ok
builder/tests/test_version_bundles.py,UTF-8,True,False,False,False,LF,COMPLIANT,ok
builder/tests/test_version_catalog.py,UTF-8,True,False,False,False,LF,COMPLIANT,ok
builder/tests/test_version_export_import.py,UTF-8,True,False,False,False,LF,COMPLIANT,ok
builder/tests/test_version_extensions.py,UTF-8,True,False,False,False,LF,COMPLIANT,ok
builder/tests/test_version_history.py,UTF-8,True,False,False,False,LF,COMPLIANT,ok
builder/tests/test_version_lifecycle.py,UTF-8,True,False,False,False,LF,COMPLIANT,ok
builder/tests/test_version_observability.py,UTF-8,True,False,False,False,LF,COMPLIANT,ok
builder/tests/test_version_package.py,UTF-8,True,False,False,False,LF,COMPLIANT,ok
builder/tests/test_version_plugin_ecosystem.py,UTF-8,True,False,False,False,LF,COMPLIANT,ok
builder/tests/test_version_repair.py,UTF-8,True,False,False,False,LF,COMPLIANT,ok
builder/tests/test_version_reports.py,UTF-8,True,False,False,False,LF,COMPLIANT,ok
builder/tests/test_version_repositories.py,UTF-8,True,False,False,False,LF,COMPLIANT,ok
builder/tests/test_version_sync.py,UTF-8,True,False,False,False,LF,COMPLIANT,ok
builder/tests/test_version_template_ecosystem.py,UTF-8,True,False,False,False,LF,COMPLIANT,ok
builder/src/sgoda/__init__.py,UTF-8,True,False,False,False,LF,COMPLIANT,ok
builder/src/sgoda/__main__.py,UTF-8,True,False,False,False,LF,COMPLIANT,ok
builder/src/sgoda_builder.egg-info/dependency_links.txt,UTF-8,True,False,False,False,LF,COMPLIANT,ok
builder/src/sgoda_builder.egg-info/entry_points.txt,UTF-8,True,False,False,False,LF,COMPLIANT,ok
builder/src/sgoda_builder.egg-info/requires.txt,UTF-8,True,False,False,False,LF,COMPLIANT,ok
builder/src/sgoda_builder.egg-info/SOURCES.txt,UTF-8,True,False,False,False,LF,COMPLIANT,ok
builder/src/sgoda_builder.egg-info/top_level.txt,UTF-8,True,False,False,False,LF,COMPLIANT,ok
builder/src/sgoda/audit/audit_service.py,UTF-8,True,False,False,False,LF,COMPLIANT,ok
builder/src/sgoda/audit/dependency_rules.py,UTF-8,True,False,False,False,LF,COMPLIANT,ok
builder/src/sgoda/audit/engine.py,UTF-8,True,False,False,False,LF,COMPLIANT,ok
builder/src/sgoda/audit/exporter.py,UTF-8,True,False,False,False,LF,COMPLIANT,ok
builder/src/sgoda/audit/governance_rules.py,UTF-8,True,False,False,False,LF,COMPLIANT,ok
builder/src/sgoda/audit/models.py,UTF-8,True,False,False,False,LF,COMPLIANT,ok
builder/src/sgoda/audit/quality_rules.py,UTF-8,True,False,False,False,LF,COMPLIANT,ok
builder/src/sgoda/audit/report.py,UTF-8,True,False,False,False,LF,COMPLIANT,ok
builder/src/sgoda/audit/rules.py,UTF-8,True,False,False,False,LF,COMPLIANT,ok
builder/src/sgoda/audit/__init__.py,UTF-8,True,False,False,False,MIXED,COMPLIANT,ok
builder/src/sgoda/cli/commands.py,UTF-8,True,False,False,False,LF,COMPLIANT,ok
builder/src/sgoda/cli/main.py,UTF-8,True,False,False,False,LF,COMPLIANT,ok
builder/src/sgoda/cli/__init__.py,UTF-8,True,False,False,False,LF,COMPLIANT,ok
builder/src/sgoda/core/config.py,UTF-8,True,False,False,False,LF,COMPLIANT,ok
builder/src/sgoda/core/constants.py,UTF-8,True,False,False,False,LF,COMPLIANT,ok
builder/src/sgoda/core/initializer.py,UTF-8,True,False,False,False,LF,COMPLIANT,ok
builder/src/sgoda/core/project.py,UTF-8,True,False,False,False,LF,COMPLIANT,ok
builder/src/sgoda/core/templates.py,UTF-8,True,False,False,False,LF,COMPLIANT,ok
builder/src/sgoda/core/__init__.py,UTF-8,True,False,False,False,LF,COMPLIANT,ok
builder/src/sgoda/dmp/__init__.py,UTF-8,True,False,False,False,LF,COMPLIANT,ok
builder/src/sgoda/extensions/archive_service.py,UTF-8,True,False,False,False,LF,COMPLIANT,ok
builder/src/sgoda/extensions/bundle_executor.py,UTF-8,True,False,False,False,LF,COMPLIANT,ok
builder/src/sgoda/extensions/bundle_models.py,UTF-8,True,False,False,False,LF,COMPLIANT,ok
builder/src/sgoda/extensions/bundle_planner.py,UTF-8,True,False,False,False,LF,COMPLIANT,ok
builder/src/sgoda/extensions/bundle_serializers.py,UTF-8,True,False,False,False,LF,COMPLIANT,ok
builder/src/sgoda/extensions/bundle_service.py,UTF-8,True,False,False,False,LF,COMPLIANT,ok
builder/src/sgoda/extensions/bundle_store.py,UTF-8,True,False,False,False,LF,COMPLIANT,ok
builder/src/sgoda/extensions/catalog_builder.py,UTF-8,True,False,False,False,LF,COMPLIANT,ok
builder/src/sgoda/extensions/catalog_models.py,UTF-8,True,False,False,False,LF,COMPLIANT,ok
builder/src/sgoda/extensions/catalog_serializers.py,UTF-8,True,False,False,False,LF,COMPLIANT,ok
builder/src/sgoda/extensions/catalog_service.py,UTF-8,True,False,False,False,LF,COMPLIANT,ok
builder/src/sgoda/extensions/catalog_store.py,UTF-8,True,False,False,False,LF,COMPLIANT,ok
builder/src/sgoda/extensions/compatibility.py,UTF-8,True,False,False,False,LF,COMPLIANT,ok
builder/src/sgoda/extensions/consolidated_report.py,UTF-8,True,False,False,False,LF,COMPLIANT,ok
builder/src/sgoda/extensions/dependency_resolver.py,UTF-8,True,False,False,False,LF,COMPLIANT,ok
builder/src/sgoda/extensions/export_service.py,UTF-8,True,False,False,False,LF,COMPLIANT,ok
builder/src/sgoda/extensions/import_service.py,UTF-8,True,False,False,False,LF,COMPLIANT,ok
builder/src/sgoda/extensions/integrity.py,UTF-8,True,False,False,False,LF,COMPLIANT,ok
builder/src/sgoda/extensions/manager.py,UTF-8,True,False,False,False,LF,COMPLIANT,ok
builder/src/sgoda/extensions/models.py,UTF-8,True,False,False,False,LF,COMPLIANT,ok
builder/src/sgoda/extensions/package_manifest.py,UTF-8,True,False,False,False,LF,COMPLIANT,ok
builder/src/sgoda/extensions/plugin_doctor.py,UTF-8,True,False,False,False,LF,COMPLIANT,ok
builder/src/sgoda/extensions/plugin_integrity.py,UTF-8,True,False,False,False,LF,COMPLIANT,ok
builder/src/sgoda/extensions/plugin_state.py,UTF-8,True,False,False,False,LF,COMPLIANT,ok
builder/src/sgoda/extensions/plugin_updater.py,UTF-8,True,False,False,False,LF,COMPLIANT,ok
builder/src/sgoda/extensions/registry.py,UTF-8,True,False,False,False,LF,COMPLIANT,ok
builder/src/sgoda/extensions/template_doctor.py,UTF-8,True,False,False,False,LF,COMPLIANT,ok
builder/src/sgoda/extensions/template_integrity.py,UTF-8,True,False,False,False,LF,COMPLIANT,ok
builder/src/sgoda/extensions/template_models.py,UTF-8,True,False,False,False,LF,COMPLIANT,ok
builder/src/sgoda/extensions/template_state.py,UTF-8,True,False,False,False,LF,COMPLIANT,ok
builder/src/sgoda/extensions/template_updater.py,UTF-8,True,False,False,False,LF,COMPLIANT,ok
builder/src/sgoda/extensions/template_validator.py,UTF-8,True,False,False,False,LF,COMPLIANT,ok
builder/src/sgoda/extensions/template_versions.py,UTF-8,True,False,False,False,LF,COMPLIANT,ok
builder/src/sgoda/extensions/validator.py,UTF-8,True,False,False,False,LF,COMPLIANT,ok
builder/src/sgoda/extensions/__init__.py,UTF-8,True,False,False,False,LF,COMPLIANT,ok
builder/src/sgoda/generators/components.py,UTF-8,True,False,False,False,LF,COMPLIANT,ok
builder/src/sgoda/generators/files.py,UTF-8,True,False,False,False,LF,COMPLIANT,ok
builder/src/sgoda/generators/folders.py,UTF-8,True,False,False,False,LF,COMPLIANT,ok
builder/src/sgoda/generators/registry.py,UTF-8,True,False,False,False,LF,COMPLIANT,ok
builder/src/sgoda/generators/__init__.py,UTF-8,True,False,False,False,LF,COMPLIANT,ok
builder/src/sgoda/governance/exceptions.py,UTF-8,True,False,False,False,CRLF,COMPLIANT,ok
builder/src/sgoda/governance/governance_service.py,UTF-8,True,False,False,False,CRLF,COMPLIANT,ok
builder/src/sgoda/governance/models.py,UTF-8,True,False,False,False,CRLF,COMPLIANT,ok
builder/src/sgoda/governance/policy_engine.py,UTF-8,True,False,False,False,CRLF,COMPLIANT,ok
builder/src/sgoda/governance/policy_loader.py,UTF-8,True,False,False,False,CRLF,COMPLIANT,ok
builder/src/sgoda/governance/policy_repository.py,UTF-8,True,False,False,False,CRLF,COMPLIANT,ok
builder/src/sgoda/governance/policy_validator.py,UTF-8,True,False,False,False,CRLF,COMPLIANT,ok
builder/src/sgoda/governance/results.py,UTF-8,True,False,False,False,CRLF,COMPLIANT,ok
builder/src/sgoda/governance/rule_evaluator.py,UTF-8,True,False,False,False,MIXED,COMPLIANT,ok
builder/src/sgoda/governance/serializers.py,UTF-8,True,False,False,False,CRLF,COMPLIANT,ok
builder/src/sgoda/governance/__init__.py,UTF-8,True,False,False,False,NONE,COMPLIANT,ok
builder/src/sgoda/lifecycle/backup.py,UTF-8,True,False,False,False,LF,COMPLIANT,ok
builder/src/sgoda/lifecycle/migrations.py,UTF-8,True,False,False,False,LF,COMPLIANT,ok
builder/src/sgoda/lifecycle/migrator.py,UTF-8,True,False,False,False,LF,COMPLIANT,ok
builder/src/sgoda/lifecycle/models.py,UTF-8,True,False,False,False,LF,COMPLIANT,ok
builder/src/sgoda/lifecycle/repair.py,UTF-8,True,False,False,False,LF,COMPLIANT,ok
builder/src/sgoda/lifecycle/__init__.py,UTF-8,True,False,False,False,LF,COMPLIANT,ok
builder/src/sgoda/operations/collector.py,UTF-8,True,False,False,False,LF,COMPLIANT,ok
builder/src/sgoda/operations/health.py,UTF-8,True,False,False,False,LF,COMPLIANT,ok
builder/src/sgoda/operations/history.py,UTF-8,True,False,False,False,LF,COMPLIANT,ok
builder/src/sgoda/operations/history_models.py,UTF-8,True,False,False,False,LF,COMPLIANT,ok
builder/src/sgoda/operations/history_serializers.py,UTF-8,True,False,False,False,LF,COMPLIANT,ok
builder/src/sgoda/operations/history_store.py,UTF-8,True,False,False,False,LF,COMPLIANT,ok
builder/src/sgoda/operations/instrumentation.py,UTF-8,True,False,False,False,LF,COMPLIANT,ok
builder/src/sgoda/operations/models.py,UTF-8,True,False,False,False,LF,COMPLIANT,ok
builder/src/sgoda/operations/report_builder.py,UTF-8,True,False,False,False,LF,COMPLIANT,ok
builder/src/sgoda/operations/report_models.py,UTF-8,True,False,False,False,LF,COMPLIANT,ok
builder/src/sgoda/operations/report_profiles.py,UTF-8,True,False,False,False,LF,COMPLIANT,ok
builder/src/sgoda/operations/report_serializers.py,UTF-8,True,False,False,False,LF,COMPLIANT,ok
builder/src/sgoda/operations/report_service.py,UTF-8,True,False,False,False,LF,COMPLIANT,ok
builder/src/sgoda/operations/serializers.py,UTF-8,True,False,False,False,LF,COMPLIANT,ok
builder/src/sgoda/operations/status.py,UTF-8,True,False,False,False,LF,COMPLIANT,ok
builder/src/sgoda/operations/__init__.py,UTF-8,True,False,False,False,LF,COMPLIANT,ok
builder/src/sgoda/repositories/index_models.py,UTF-8,True,False,False,False,LF,COMPLIANT,ok
builder/src/sgoda/repositories/index_serializers.py,UTF-8,True,False,False,False,LF,COMPLIANT,ok
builder/src/sgoda/repositories/index_store.py,UTF-8,True,False,False,False,LF,COMPLIANT,ok
builder/src/sgoda/repositories/index_validator.py,UTF-8,True,False,False,False,LF,COMPLIANT,ok
builder/src/sgoda/repositories/models.py,UTF-8,True,False,False,False,LF,COMPLIANT,ok
builder/src/sgoda/repositories/serializers.py,UTF-8,True,False,False,False,LF,COMPLIANT,ok
builder/src/sgoda/repositories/service.py,UTF-8,True,False,False,False,LF,COMPLIANT,ok
builder/src/sgoda/repositories/store.py,UTF-8,True,False,False,False,LF,COMPLIANT,ok
builder/src/sgoda/repositories/sync_client.py,UTF-8,True,False,False,False,LF,COMPLIANT,ok
builder/src/sgoda/repositories/sync_service.py,UTF-8,True,False,False,False,LF,COMPLIANT,ok
builder/src/sgoda/repositories/validator.py,UTF-8,True,False,False,False,LF,COMPLIANT,ok
builder/src/sgoda/repositories/__init__.py,UTF-8,True,False,False,False,LF,COMPLIANT,ok
builder/src/sgoda/templates/api.py,UTF-8,True,False,False,False,LF,COMPLIANT,ok
builder/src/sgoda/templates/backend.py,UTF-8,True,False,False,False,LF,COMPLIANT,ok
builder/src/sgoda/templates/database.py,UTF-8,True,False,False,False,LF,COMPLIANT,ok
builder/src/sgoda/templates/docs.py,UTF-8,True,False,False,False,LF,COMPLIANT,ok
builder/src/sgoda/templates/frontend.py,UTF-8,True,False,False,False,LF,COMPLIANT,ok
builder/src/sgoda/templates/module.py,UTF-8,True,False,False,False,LF,COMPLIANT,ok
builder/src/sgoda/templates/workflow.py,UTF-8,True,False,False,False,LF,COMPLIANT,ok
builder/src/sgoda/templates/__init__.py,UTF-8,True,False,False,False,LF,COMPLIANT,ok
builder/src/sgoda/validators/doctor.py,UTF-8,True,False,False,False,LF,COMPLIANT,ok
builder/src/sgoda/validators/manifest.py,UTF-8,True,False,False,False,LF,COMPLIANT,ok
builder/src/sgoda/validators/project.py,UTF-8,True,False,False,False,LF,COMPLIANT,ok
builder/src/sgoda/validators/__init__.py,UTF-8,True,False,False,False,LF,COMPLIANT,ok
builder/src/sgoda/dmp/domain/enums.py,UTF-8,True,False,False,False,LF,COMPLIANT,ok
builder/src/sgoda/dmp/domain/exceptions.py,UTF-8,True,False,False,False,LF,COMPLIANT,ok
builder/src/sgoda/dmp/domain/identifiers.py,UTF-8,True,False,False,False,CRLF,COMPLIANT,ok
builder/src/sgoda/dmp/domain/models.py,UTF-8,True,False,False,False,LF,COMPLIANT,ok
builder/src/sgoda/dmp/domain/__init__.py,UTF-8,True,False,False,False,LF,COMPLIANT,ok
builder/src/sgoda/dmp/events/models.py,UTF-8,True,False,False,False,CRLF,COMPLIANT,ok
builder/src/sgoda/dmp/events/__init__.py,UTF-8,True,False,False,False,CRLF,COMPLIANT,ok
builder/src/sgoda/dmp/repositories/base.py,UTF-8,True,False,False,False,CRLF,COMPLIANT,ok
builder/src/sgoda/dmp/repositories/memory.py,UTF-8,True,False,False,False,CRLF,COMPLIANT,ok
builder/src/sgoda/dmp/repositories/__init__.py,UTF-8,True,False,False,False,CRLF,COMPLIANT,ok
builder/src/sgoda/dmp/services/registry.py,UTF-8,True,False,False,False,LF,COMPLIANT,ok
builder/src/sgoda/dmp/services/__init__.py,UTF-8,True,False,False,False,CRLF,COMPLIANT,ok
builder/proyecto_restaurado/.sgoda/extensions/catalog.json,UTF-8,True,False,False,False,CRLF,COMPLIANT,ok
builder/proyecto_restaurado/.sgoda/extensions/registry.json,UTF-8,True,False,False,False,CRLF,COMPLIANT,ok
builder/proyecto_restaurado/.sgoda/extensions/templates/template-base/sgoda.template.json,UTF-8,True,False,False,False,MIXED,COMPLIANT,ok
builder/proyecto_restaurado/.sgoda/extensions/templates/template-base/template/README.md,UTF-8,True,False,False,False,CRLF,COMPLIANT,ok
builder/proyecto_restaurado/.sgoda/extensions/plugins/plugin-base/plugin.py,UTF-8,True,False,False,False,MIXED,COMPLIANT,ok
builder/proyecto_restaurado/.sgoda/extensions/plugins/plugin-base/sgoda.plugin.json,UTF-8,True,False,False,False,MIXED,COMPLIANT,ok
builder/proyecto_catalogo/.sgoda/extensions/catalog.json,UTF-8,True,False,False,False,CRLF,COMPLIANT,ok
builder/proyecto_catalogo/.sgoda/extensions/registry.json,UTF-8,True,False,False,False,CRLF,COMPLIANT,ok
builder/proyecto_catalogo/.sgoda/extensions/templates/template-base/sgoda.template.json,UTF-8,True,False,False,False,MIXED,COMPLIANT,ok
builder/proyecto_catalogo/.sgoda/extensions/templates/template-base/template/README.md,UTF-8,True,False,False,False,CRLF,COMPLIANT,ok
builder/proyecto_catalogo/.sgoda/extensions/plugins/plugin-base/plugin.py,UTF-8,True,False,False,False,MIXED,COMPLIANT,ok
builder/proyecto_catalogo/.sgoda/extensions/plugins/plugin-base/sgoda.plugin.json,UTF-8,True,False,False,False,MIXED,COMPLIANT,ok
builder/docs/releases/0.10.0.md,UTF-8,True,False,False,False,LF,COMPLIANT,ok
builder/docs/releases/0.9.0.md,UTF-8,True,False,False,False,LF,COMPLIANT,ok
builder/docs/releases/1.0.0.md,UTF-8,True,False,False,False,LF,COMPLIANT,ok
builder/catalog_template/template/README.md,UTF-8,True,False,False,False,CRLF,COMPLIANT,ok
.github/workflows/builder-ci.yml,UTF-8,True,False,False,False,LF,COMPLIANT,ok
.github/workflows/release.yml,UTF-8,True,False,False,False,CRLF,COMPLIANT,ok
.github/workflows/spb-003-2-closure-audit.yml,UTF-8,True,False,False,False,LF,COMPLIANT,ok
.github/workflows/spb-003.2-closure.yml,UTF-8,True,False,False,False,LF,COMPLIANT,ok
.github/workflows/utf8-repository-compliance.yml,UTF-8,True,False,False,False,LF,COMPLIANT,ok
